task_detalhes_id;task_status_id;inicio;termino;horas
1;1;2020-04-06T03:42:23.453Z;t;9.71
2;2;2020-01-26T16:32:15.480Z;t;9.23
3;3;2021-02-23T03:13:05.350Z;f;
4;3;2021-02-05T17:21:17.229Z;f;
6;3;2021-02-19T21:29:28.261Z;f;
7;4;2019-03-12T05:07:47.039Z;t;7.98
8;3;2021-02-07T23:42:15.509Z;f;
9;5;2019-01-21T09:38:51.416Z;t;9.47
10;5;2019-04-15T13:38:29.079Z;t;5.96
11;3;2021-02-26T00:32:54.400Z;f;
5;4;2019-12-08T02:44:47.779Z;t;3.2
12;1;2019-12-23T11:53:46.249Z;t;6.8
13;1;2020-11-20T08:55:23.826Z;t;2.91
14;3;2021-02-22T20:17:32.591Z;f;
15;5;2019-06-20T18:27:12.663Z;t;9.56
16;5;2020-05-19T10:25:11.891Z;t;5.11
17;3;2021-02-28T03:05:50.377Z;f;
18;3;2021-02-27T00:25:15.268Z;f;
19;3;2021-02-26T03:55:17.978Z;f;
20;1;2019-11-22T23:20:04.457Z;t;5.86
21;3;2021-02-27T16:40:16.319Z;f;
22;3;2021-02-08T02:40:25.535Z;f;
23;3;2021-02-17T13:00:55.357Z;f;
24;1;2020-08-17T12:24:23.726Z;t;9.2
25;4;2020-04-23T08:57:41.762Z;t;3.62
26;3;2021-02-04T10:05:16.706Z;f;
27;2;2020-09-24T18:46:20.936Z;t;3.83
28;3;2021-02-21T19:00:36.510Z;f;
29;3;2021-02-22T17:06:15.794Z;f;
30;6;2020-09-21T06:25:45.462Z;t;3.25
31;3;2021-02-09T11:17:25.466Z;f;
32;5;2019-12-16T00:04:49.193Z;t;8.75
33;3;2021-02-22T21:10:20.068Z;f;
34;6;2019-10-07T21:02:08.489Z;t;3.6
35;3;2021-02-20T14:24:29.139Z;f;
36;3;2021-02-22T00:52:59.939Z;f;
37;4;2019-12-14T15:17:38.873Z;t;4.3
38;3;2021-02-27T05:37:52.439Z;f;
39;6;2019-05-28T22:22:49.251Z;t;2.29
40;3;2021-02-15T08:36:49.887Z;f;
41;7;2020-05-21T15:01:24.094Z;t;7.52
42;4;2020-04-08T23:12:57.847Z;t;8.25
43;3;2021-02-24T16:20:58.076Z;f;
44;7;2019-08-04T01:30:32.735Z;t;1.25
45;3;2021-02-22T04:54:01.381Z;f;
46;5;2019-07-11T02:51:28.825Z;t;1.58
47;5;2019-03-14T03:30:58.044Z;t;8.47
48;4;2020-07-14T07:38:29.713Z;t;0.91
49;3;2021-02-24T00:20:49.029Z;f;
50;4;2020-08-18T19:55:22.168Z;t;0.77
51;7;2020-08-11T17:47:01.852Z;t;5.78
52;7;2019-05-17T21:42:28.350Z;t;3.88
53;3;2021-02-11T10:12:33.429Z;f;
54;6;2019-06-23T00:25:04.027Z;t;3.87
55;2;2020-05-11T15:58:04.522Z;t;2.86
56;3;2021-02-10T13:21:50.301Z;f;
57;3;2021-02-24T04:21:12.388Z;f;
58;7;2019-09-11T06:55:43.634Z;t;5.25
59;3;2021-02-27T00:23:52.606Z;f;
60;3;2021-02-20T16:55:55.734Z;f;
61;3;2021-02-21T18:58:51.891Z;f;
62;5;2020-08-05T05:39:53.319Z;t;4.45
63;3;2021-02-19T09:58:23.316Z;f;
64;3;2021-02-26T22:51:47.835Z;f;
65;3;2021-02-09T10:47:29.574Z;f;
66;3;2021-02-03T14:20:31.388Z;f;
67;7;2020-04-23T21:58:34.143Z;t;3.27
68;2;2019-05-08T15:42:07.051Z;t;8.9
69;3;2021-02-26T17:35:52.014Z;f;
70;2;2020-05-18T16:22:04.788Z;t;3.88
71;3;2021-02-24T23:36:27.643Z;f;
72;2;2020-09-19T02:24:38.754Z;t;8.54
73;6;2020-09-26T12:34:08.341Z;t;8.54
74;1;2020-06-12T12:26:32.712Z;t;4.13
75;3;2021-02-16T17:29:51.227Z;f;
76;3;2021-02-08T13:59:40.268Z;f;
77;3;2021-02-23T07:42:28.947Z;f;
78;6;2020-08-18T11:04:35.490Z;t;9.76
79;6;2019-03-01T19:19:28.780Z;t;5.15
80;4;2019-12-11T16:24:46.887Z;t;4.39
81;3;2021-02-28T08:25:01.658Z;f;
82;7;2020-12-12T00:16:35.018Z;t;4.66
83;3;2021-02-27T06:59:35.848Z;f;
84;3;2021-02-01T04:35:28.365Z;f;
85;4;2020-06-19T09:33:14.767Z;t;0.65
86;2;2020-04-17T04:49:47.541Z;t;3.39
87;3;2021-02-22T22:54:48.572Z;f;
88;5;2020-02-23T18:49:22.752Z;t;8.27
89;3;2021-02-27T03:39:06.235Z;f;
90;4;2020-04-28T10:46:12.256Z;t;0.98
91;7;2019-06-14T01:03:18.635Z;t;0.92
92;3;2021-02-24T08:20:23.772Z;f;
93;1;2020-08-18T21:53:23.842Z;t;1.27
94;3;2021-02-20T23:29:06.963Z;f;
95;3;2021-02-16T21:57:11.264Z;f;
96;6;2019-08-11T10:58:28.495Z;t;1.85
97;2;2020-10-03T08:49:42.367Z;t;5.46
98;3;2021-02-14T06:14:39.607Z;f;
99;4;2019-12-06T13:00:55.947Z;t;7.86
100;3;2021-02-11T12:59:36.795Z;f;
101;2;2019-12-07T21:39:14.101Z;t;8.64
102;2;2021-01-03T20:43:52.936Z;t;3.43
103;3;2021-02-18T14:47:36.776Z;f;
104;6;2019-01-27T16:07:49.654Z;t;8.98
105;3;2021-02-15T17:59:37.665Z;f;
106;3;2021-02-25T10:25:50.818Z;f;
107;3;2021-02-26T00:56:50.291Z;f;
108;3;2021-02-26T05:02:09.348Z;f;
109;3;2021-02-18T06:41:47.635Z;f;
110;7;2019-06-15T08:04:11.819Z;t;2.45
111;3;2021-02-25T06:16:40.512Z;f;
112;7;2019-09-01T08:51:35.064Z;t;6.66
113;3;2021-02-17T01:27:35.276Z;f;
114;6;2020-07-12T20:34:11.489Z;t;9.45
115;2;2019-11-14T00:17:14.900Z;t;5.45
116;3;2021-02-27T01:10:46.552Z;f;
117;3;2021-02-27T12:43:26.277Z;f;
118;3;2021-02-24T09:28:39.308Z;f;
119;3;2021-02-21T22:26:29.591Z;f;
120;1;2020-02-12T04:03:10.102Z;t;7.24
125;3;2021-02-28T03:29:48.154Z;f;
127;1;2020-02-20T04:20:59.116Z;t;4.8
132;3;2021-02-28T02:18:23.159Z;f;
137;3;2021-02-25T07:27:06.589Z;f;
143;5;2020-05-14T07:06:08.858Z;t;0.37
147;3;2021-02-09T05:00:17.430Z;f;
152;2;2020-12-07T03:18:20.958Z;t;0.74
158;3;2021-02-05T21:19:56.504Z;f;
163;3;2021-02-26T00:06:22.929Z;f;
168;5;2020-08-07T13:14:25.665Z;t;1.84
173;3;2021-02-10T23:40:07.122Z;f;
178;5;2020-06-17T01:39:35.702Z;t;2.98
182;5;2020-11-05T23:45:42.567Z;t;7.78
187;3;2021-02-24T13:22:44.687Z;f;
193;3;2021-02-15T22:35:07.700Z;f;
197;3;2021-02-25T23:00:01.556Z;f;
202;3;2021-02-07T18:41:44.352Z;f;
206;3;2021-02-17T19:40:58.788Z;f;
212;3;2021-02-14T01:31:10.251Z;f;
220;7;2019-01-24T13:05:09.102Z;t;4.28
226;1;2019-09-25T03:47:11.277Z;t;7.63
232;3;2021-02-19T17:00:32.656Z;f;
238;4;2019-09-06T13:22:14.416Z;t;6.15
245;6;2020-12-30T14:35:05.101Z;t;3.36
251;7;2020-12-01T20:55:49.278Z;t;2.56
257;3;2021-02-14T18:54:15.358Z;f;
263;4;2020-02-29T16:04:58.066Z;t;7.08
269;6;2019-05-01T09:13:09.433Z;t;5.41
275;3;2021-02-27T18:40:24.327Z;f;
280;3;2021-02-18T06:58:46.643Z;f;
286;3;2021-02-16T17:40:02.936Z;f;
292;3;2021-02-24T16:22:21.277Z;f;
298;3;2021-02-16T18:31:51.724Z;f;
304;2;2020-11-11T11:04:38.474Z;t;9.71
310;3;2021-02-22T03:32:46.178Z;f;
316;3;2021-02-28T06:51:08.729Z;f;
322;3;2021-02-25T14:21:19.688Z;f;
328;2;2020-05-09T09:56:31.906Z;t;6.11
334;6;2019-04-30T02:45:37.254Z;t;8.4
340;3;2021-02-17T14:56:25.534Z;f;
346;3;2021-02-26T12:06:02.094Z;f;
352;3;2021-02-08T11:36:26.071Z;f;
358;1;2019-10-10T12:58:32.813Z;t;2
366;3;2021-02-20T11:30:39.260Z;f;
372;4;2020-11-14T08:14:24.118Z;t;4.06
378;3;2021-02-28T01:32:56.691Z;f;
384;3;2021-02-15T06:45:09.579Z;f;
390;4;2019-06-05T07:45:06.612Z;t;8.32
396;3;2021-02-22T08:52:58.761Z;f;
402;3;2021-02-09T19:24:32.666Z;f;
408;3;2021-02-07T08:41:58.960Z;f;
414;3;2021-02-26T22:14:04.074Z;f;
420;7;2019-08-30T20:45:58.237Z;t;7.29
425;4;2020-03-03T15:09:02.430Z;t;0.95
432;5;2020-05-08T15:37:49.506Z;t;0.07
437;7;2020-11-28T08:38:03.426Z;t;7.18
443;7;2019-08-29T10:04:53.400Z;t;2.33
449;2;2020-03-31T12:23:46.908Z;t;5.32
455;6;2019-08-25T13:38:03.967Z;t;3.84
461;5;2020-10-31T09:22:12.735Z;t;7.59
467;3;2021-02-20T07:50:30.109Z;f;
473;2;2020-04-01T01:21:15.305Z;t;4.3
480;6;2020-07-21T05:24:27.865Z;t;3.42
487;3;2021-02-24T19:41:26.606Z;f;
494;3;2021-02-18T10:09:55.973Z;f;
501;1;2020-11-07T17:05:02.699Z;t;7.73
508;3;2021-02-27T05:47:54.307Z;f;
515;4;2019-02-09T06:27:46.403Z;t;0.62
522;2;2019-07-06T14:58:00.515Z;t;4.55
529;3;2021-02-26T12:49:31.505Z;f;
536;1;2020-10-17T03:21:48.177Z;t;2.87
543;1;2019-06-30T02:50:44.085Z;t;2.6
550;3;2021-02-26T23:13:04.401Z;f;
557;4;2019-10-19T10:08:27.114Z;t;8.35
564;5;2020-09-12T04:43:34.231Z;t;4.63
571;6;2020-06-12T11:52:34.196Z;t;2.58
578;6;2019-11-19T15:03:59.672Z;t;3.81
585;3;2021-02-24T12:54:50.389Z;f;
592;7;2019-07-28T07:04:59.005Z;t;2.01
599;3;2021-02-22T02:56:03.640Z;f;
601;2;2019-11-02T13:53:38.253Z;t;1.12
607;3;2021-02-23T15:29:07.534Z;f;
613;1;2019-10-20T03:54:34.788Z;t;5.58
622;3;2021-02-16T02:40:38.684Z;f;
627;4;2019-02-28T06:15:36.442Z;t;0.93
634;3;2021-02-28T04:30:49.307Z;f;
641;3;2021-02-14T07:11:33.519Z;f;
648;7;2019-02-07T21:15:49.900Z;t;3
656;2;2019-09-05T04:12:03.305Z;t;9.91
665;3;2021-02-16T04:54:30.761Z;f;
672;3;2021-02-27T18:05:19.841Z;f;
679;3;2021-02-27T17:14:44.791Z;f;
686;2;2020-02-13T20:54:30.168Z;t;2.22
693;7;2020-09-30T06:14:23.291Z;t;5.2
700;5;2019-02-04T10:07:03.447Z;t;9.05
707;3;2021-02-21T20:46:38.077Z;f;
716;5;2020-03-26T01:39:25.623Z;t;2.81
724;6;2020-04-02T18:39:42.963Z;t;8.13
733;3;2021-02-18T18:15:56.755Z;f;
741;3;2021-02-08T02:38:37.488Z;f;
751;1;2019-03-22T16:27:47.417Z;t;9.54
759;2;2020-06-21T03:30:32.589Z;t;8.2
767;7;2020-07-27T06:05:24.469Z;t;8.29
775;6;2019-08-07T18:20:18.278Z;t;3.31
785;3;2021-02-27T21:09:25.366Z;f;
794;3;2021-02-25T13:25:36.673Z;f;
798;4;2019-08-26T15:05:09.123Z;t;9.92
806;7;2019-08-21T20:15:09.144Z;t;4.17
815;1;2020-01-02T22:38:07.037Z;t;1.1
826;1;2020-02-29T22:31:23.220Z;t;9.44
836;3;2021-02-22T07:49:27.377Z;f;
846;3;2021-02-17T00:55:45.577Z;f;
856;5;2019-04-26T18:16:23.240Z;t;7.55
865;2;2019-12-07T10:07:19.498Z;t;9.08
876;4;2019-09-22T01:04:36.970Z;t;7.19
886;3;2021-02-20T04:15:06.059Z;f;
896;3;2021-02-16T22:12:26.577Z;f;
906;6;2019-04-25T00:59:54.962Z;t;6.84
916;1;2020-09-25T23:39:04.665Z;t;7
926;6;2019-04-15T03:26:39.407Z;t;8.1
122;3;2021-02-24T12:57:08.621Z;f;
129;3;2021-02-23T18:17:04.031Z;f;
134;3;2021-02-12T09:53:02.682Z;f;
139;3;2021-02-14T05:14:58.988Z;f;
144;4;2019-12-28T03:34:18.098Z;t;8.53
148;6;2020-11-08T02:13:11.132Z;t;6.93
153;2;2020-03-15T08:38:26.289Z;t;5.73
157;4;2020-07-31T03:01:53.846Z;t;8.49
162;3;2021-02-07T06:46:30.441Z;f;
167;3;2021-02-21T06:02:28.440Z;f;
170;3;2021-02-26T12:07:00.886Z;f;
175;3;2021-02-05T19:17:12.535Z;f;
180;2;2020-06-02T14:37:40.544Z;t;1.59
184;7;2019-07-28T23:47:27.982Z;t;3.28
190;3;2021-02-28T04:27:35.490Z;f;
195;4;2020-05-05T10:11:59.584Z;t;1.91
199;4;2019-01-10T14:39:28.954Z;t;7.41
204;3;2021-02-15T08:21:12.303Z;f;
209;3;2021-02-07T23:09:39.455Z;f;
214;3;2021-02-25T16:20:05.770Z;f;
219;3;2021-02-26T02:31:18.148Z;f;
225;6;2020-04-12T15:48:12.055Z;t;3.99
230;1;2019-10-05T02:44:28.245Z;t;0.36
236;6;2020-04-11T02:09:26.109Z;t;6.45
242;3;2021-02-11T21:42:56.091Z;f;
248;7;2019-04-21T18:56:00.993Z;t;6.19
254;3;2021-02-16T08:48:09.496Z;f;
260;6;2019-07-16T16:05:38.633Z;t;2.96
266;3;2021-02-20T10:55:50.396Z;f;
272;3;2021-02-10T02:30:04.523Z;f;
278;3;2021-02-21T15:56:05.635Z;f;
284;1;2019-11-20T20:15:11.840Z;t;0.39
290;3;2021-02-15T08:36:16.862Z;f;
296;3;2021-02-05T05:52:21.013Z;f;
302;3;2021-02-03T01:36:17.007Z;f;
308;7;2020-01-09T01:52:25.343Z;t;4.22
314;3;2021-02-25T14:15:59.018Z;f;
320;2;2019-07-13T16:16:00.648Z;t;8.64
326;3;2021-02-26T19:00:50.331Z;f;
332;3;2021-02-24T04:10:55.663Z;f;
338;1;2019-04-30T22:58:21.520Z;t;1.56
344;1;2020-01-08T18:48:51.618Z;t;2.05
350;3;2021-02-11T09:54:57.230Z;f;
356;5;2020-09-12T05:06:01.442Z;t;0.07
362;3;2021-02-15T23:46:11.295Z;f;
368;2;2020-01-29T19:10:05.104Z;t;7.44
374;6;2020-06-17T17:23:13.091Z;t;9.63
380;3;2021-02-26T18:51:57.360Z;f;
386;3;2021-02-03T16:26:08.220Z;f;
392;3;2021-02-27T21:44:14.610Z;f;
398;3;2021-02-25T16:11:26.833Z;f;
404;3;2021-02-24T10:45:33.865Z;f;
411;3;2021-02-26T13:07:15.866Z;f;
415;4;2020-01-17T04:05:35.622Z;t;7.4
421;3;2021-02-26T23:38:18.798Z;f;
427;5;2019-11-22T23:48:09.092Z;t;1.14
431;7;2020-12-31T13:12:58.722Z;t;3.59
436;5;2019-10-21T14:17:57.910Z;t;9.28
442;3;2021-02-24T06:45:54.889Z;f;
448;5;2020-04-05T06:23:48.100Z;t;3.02
454;3;2021-02-21T06:10:20.440Z;f;
460;1;2019-01-11T04:13:12.502Z;t;4.68
465;3;2021-02-13T07:35:37.814Z;f;
472;7;2020-07-22T02:13:51.352Z;t;8.78
479;7;2019-07-31T15:18:51.501Z;t;4
486;3;2021-02-26T17:08:33.372Z;f;
493;3;2021-02-16T02:57:04.534Z;f;
500;2;2019-12-25T02:22:20.514Z;t;3.4
507;3;2021-02-27T00:46:54.955Z;f;
514;3;2021-02-16T18:07:19.778Z;f;
521;4;2020-08-03T21:21:12.282Z;t;3.4
528;6;2020-12-16T04:04:40.750Z;t;5.15
535;6;2020-03-26T19:32:14.744Z;t;8.08
542;7;2019-06-12T07:52:08.027Z;t;1.86
549;4;2020-05-02T20:20:51.854Z;t;5.44
556;1;2020-03-03T08:44:26.808Z;t;8.69
563;3;2021-02-21T13:01:30.026Z;f;
570;3;2021-01-31T18:06:34.158Z;f;
577;3;2021-02-23T19:55:46.156Z;f;
584;3;2021-01-31T22:03:20.218Z;f;
591;3;2021-02-22T03:42:03.084Z;f;
598;5;2019-02-11T05:21:29.664Z;t;9.5
606;3;2021-02-27T17:19:21.097Z;f;
615;3;2021-02-24T20:47:57.019Z;f;
624;3;2021-02-19T10:40:15.888Z;f;
631;4;2019-10-14T02:26:29.109Z;t;6.03
638;2;2020-12-20T17:43:35.334Z;t;6.37
645;1;2019-08-28T18:44:29.014Z;t;4.72
652;5;2019-01-26T05:28:39.436Z;t;2.96
660;1;2019-01-01T21:08:35.113Z;t;0.74
666;3;2021-02-27T11:07:15.046Z;f;
673;3;2021-02-27T08:45:18.333Z;f;
681;6;2020-07-09T05:55:12.364Z;t;4.11
688;3;2021-02-15T14:45:56.782Z;f;
695;3;2021-02-27T23:40:32.328Z;f;
702;7;2019-11-23T01:51:56.662Z;t;1.12
709;4;2020-12-30T17:50:29.330Z;t;6.04
715;1;2019-07-21T20:27:37.056Z;t;3.54
722;2;2019-01-01T04:27:47.225Z;t;8.2
730;4;2019-10-05T20:43:16.702Z;t;9.14
738;2;2020-04-20T17:16:39.191Z;t;5.52
745;3;2021-02-28T08:24:01.984Z;f;
753;3;2021-02-09T05:09:04.816Z;f;
761;3;2021-02-27T04:41:50.059Z;f;
769;3;2021-02-24T23:52:07.312Z;f;
777;7;2019-12-12T16:31:10.754Z;t;5.33
786;6;2020-12-06T01:12:09.655Z;t;9.53
795;3;2021-02-26T11:50:38.835Z;f;
803;3;2021-02-09T17:28:38.631Z;f;
811;3;2021-02-20T14:11:16.378Z;f;
820;3;2021-02-11T05:21:52.348Z;f;
828;3;2021-02-20T09:00:06.046Z;f;
837;3;2021-02-14T22:44:03.745Z;f;
847;7;2020-06-03T01:07:58.166Z;t;7.27
857;3;2021-02-21T16:35:55.892Z;f;
866;1;2020-03-06T05:42:44.179Z;t;9.61
877;2;2019-12-02T08:25:35.713Z;t;4.47
887;6;2020-04-02T09:58:10.334Z;t;1
897;7;2019-12-29T02:31:30.782Z;t;8.46
907;6;2020-02-29T06:21:01.615Z;t;6.95
123;3;2021-02-18T00:22:18.375Z;f;
128;1;2020-11-06T11:07:02.007Z;t;3.88
133;1;2019-01-08T08:03:49.896Z;t;7.98
138;5;2020-05-14T06:48:21.731Z;t;8.79
142;3;2021-02-14T06:36:45.581Z;f;
149;6;2019-05-28T06:44:57.729Z;t;4.22
154;7;2019-10-25T19:49:59.412Z;t;6.37
159;3;2021-02-26T22:15:04.782Z;f;
164;3;2021-02-22T15:37:09.450Z;f;
169;3;2021-02-25T16:21:14.085Z;f;
174;3;2021-02-13T22:58:51.297Z;f;
179;3;2021-02-21T20:03:02.948Z;f;
183;7;2020-02-21T04:29:14.068Z;t;7.89
188;6;2019-11-14T03:36:36.203Z;t;5.09
194;3;2021-02-14T14:27:53.284Z;f;
200;5;2020-05-17T15:33:21.422Z;t;9.65
205;3;2021-02-10T11:24:02.766Z;f;
210;3;2021-02-24T06:13:52.620Z;f;
215;5;2019-08-26T21:12:52.370Z;t;5.2
218;3;2021-02-20T20:31:02.639Z;f;
224;1;2020-07-09T08:55:26.150Z;t;8.74
229;4;2019-03-08T16:23:32.229Z;t;9.38
235;3;2021-02-04T13:16:26.224Z;f;
241;3;2021-02-27T10:22:43.831Z;f;
247;3;2021-02-28T05:45:42.012Z;f;
253;6;2020-11-26T15:16:00.001Z;t;1.9
259;3;2021-02-08T13:36:44.831Z;f;
265;1;2019-05-01T14:12:20.266Z;t;2.96
271;3;2021-02-25T00:30:23.154Z;f;
277;6;2020-12-13T11:43:36.556Z;t;3.95
283;1;2020-12-31T03:11:49.639Z;t;3.73
289;3;2021-02-26T17:29:58.402Z;f;
295;3;2021-02-24T04:17:33.985Z;f;
301;1;2019-04-08T10:38:44.501Z;t;2.81
307;2;2020-01-08T19:11:46.568Z;t;5.36
313;3;2021-02-16T07:52:35.006Z;f;
319;1;2020-02-06T09:16:19.098Z;t;4.13
325;6;2019-02-06T17:31:05.820Z;t;2.81
331;3;2021-02-27T08:07:53.545Z;f;
337;7;2019-08-19T03:04:33.326Z;t;6.59
343;5;2019-03-10T05:58:31.318Z;t;9.09
349;3;2021-02-24T21:16:25.214Z;f;
355;3;2021-02-07T09:38:14.920Z;f;
361;5;2020-04-06T20:50:24.759Z;t;2.38
367;4;2020-07-28T18:48:34.115Z;t;4.01
373;5;2019-08-03T19:04:47.457Z;t;8.93
379;3;2021-02-17T20:53:11.629Z;f;
385;5;2020-07-08T12:00:58.345Z;t;4.04
391;1;2020-04-23T16:30:22.933Z;t;2.05
397;4;2019-01-21T16:59:20.859Z;t;5.57
403;3;2021-02-24T16:17:47.189Z;f;
410;4;2020-07-19T09:21:33.621Z;t;7.26
418;3;2021-02-19T16:43:50.629Z;f;
424;7;2019-02-26T09:47:48.416Z;t;0.06
430;3;2021-02-15T12:01:41.530Z;f;
438;1;2020-07-01T05:40:22.420Z;t;7.61
444;7;2019-05-22T04:26:51.784Z;t;4.61
450;1;2019-05-17T03:48:31.112Z;t;4.82
456;6;2019-09-19T22:07:46.647Z;t;7.11
462;3;2021-02-19T13:09:10.141Z;f;
468;6;2020-09-16T10:03:34.709Z;t;3.23
474;3;2021-02-22T11:33:03.504Z;f;
481;3;2021-02-25T05:12:27.968Z;f;
488;2;2019-08-27T17:28:48.051Z;t;1.52
495;3;2021-02-13T23:59:22.273Z;f;
502;3;2021-02-27T08:24:37.003Z;f;
509;3;2021-02-23T16:45:01.182Z;f;
516;7;2019-07-11T03:16:18.926Z;t;2.47
523;2;2019-03-19T18:56:25.483Z;t;8.89
530;6;2020-07-23T18:08:58.701Z;t;0.95
537;1;2019-12-08T15:36:47.609Z;t;8
544;7;2019-08-15T01:26:00.617Z;t;4.55
551;3;2021-02-25T13:02:23.271Z;f;
558;4;2019-06-28T05:07:03.431Z;t;7.83
565;3;2021-02-23T11:06:11.812Z;f;
572;4;2020-03-02T16:50:04.542Z;t;8.19
579;7;2020-04-20T12:20:27.739Z;t;7.41
586;2;2020-09-10T18:17:22.079Z;t;3.76
593;3;2021-02-20T18:22:39.525Z;f;
602;3;2021-02-18T13:41:10.948Z;f;
609;7;2019-02-20T21:30:30.551Z;t;9.45
616;2;2020-06-14T10:31:02.298Z;t;7.59
618;1;2020-05-25T12:35:28.154Z;t;2.19
625;3;2021-02-16T15:40:18.203Z;f;
632;6;2020-08-17T17:41:07.935Z;t;7.78
639;3;2021-02-08T06:05:43.819Z;f;
646;7;2019-08-22T11:01:22.106Z;t;2.13
653;3;2021-02-09T21:57:30.898Z;f;
657;3;2021-02-28T08:59:25.808Z;f;
663;5;2020-03-03T16:53:16.328Z;t;2.23
670;2;2020-08-11T11:56:42.844Z;t;2.6
676;6;2020-08-22T11:49:59.134Z;t;2.38
683;4;2019-05-22T22:48:31.095Z;t;8.35
690;3;2021-02-09T21:20:56.219Z;f;
697;3;2021-02-25T12:20:50.628Z;f;
704;1;2019-11-06T17:39:27.689Z;t;9.62
711;7;2019-03-24T17:11:00.280Z;t;7.57
718;1;2020-02-17T22:26:38.271Z;t;9.78
726;5;2020-01-02T06:34:29.716Z;t;6.65
732;3;2021-02-11T09:08:37.804Z;f;
739;4;2019-04-02T23:17:51.181Z;t;7.22
747;3;2021-02-19T05:35:36.310Z;f;
755;3;2021-02-12T15:16:33.095Z;f;
763;5;2019-03-05T17:00:39.348Z;t;2.7
771;3;2021-02-08T06:06:25.999Z;f;
779;4;2020-04-15T02:31:06.633Z;t;2.27
788;2;2019-10-02T20:27:43.974Z;t;2.56
797;6;2020-12-01T08:47:49.430Z;t;1.96
805;3;2021-02-27T07:46:12.534Z;f;
812;5;2019-10-31T16:37:03.283Z;t;5.48
818;3;2021-02-08T08:09:29.247Z;f;
825;4;2020-08-08T21:49:15.475Z;t;7.38
834;7;2020-10-26T05:53:46.190Z;t;0.04
842;3;2021-02-27T15:14:03.818Z;f;
851;3;2021-02-26T17:55:16.206Z;f;
860;3;2021-02-26T23:19:11.239Z;f;
869;7;2019-08-10T02:30:14.882Z;t;7.58
879;3;2021-02-27T04:58:48.693Z;f;
889;4;2019-11-10T22:45:07.050Z;t;0.97
899;3;2021-02-22T21:57:28.611Z;f;
124;3;2021-02-06T07:42:11.273Z;f;
130;6;2019-09-18T21:18:56.332Z;t;9.76
135;1;2020-03-08T14:53:53.117Z;t;6.63
140;3;2021-02-22T22:34:17.164Z;f;
145;3;2021-02-18T05:25:24.662Z;f;
150;5;2020-09-19T06:07:10.901Z;t;8.34
155;3;2021-02-14T23:22:56.953Z;f;
160;3;2021-02-22T09:06:29.416Z;f;
165;6;2019-01-23T11:47:33.387Z;t;6.2
172;3;2021-02-10T01:30:13.590Z;f;
177;3;2021-02-11T08:09:57.069Z;f;
185;3;2021-02-23T07:30:38.673Z;f;
191;3;2021-02-26T08:44:52.541Z;f;
198;6;2019-08-03T11:00:05.361Z;t;8.19
203;3;2021-02-18T11:04:18.794Z;f;
208;3;2021-02-26T14:24:44.953Z;f;
213;1;2019-11-28T21:08:34.664Z;t;3.6
221;4;2019-05-17T01:19:44.215Z;t;1.44
227;3;2021-02-26T13:07:39.383Z;f;
233;3;2021-02-26T21:45:11.460Z;f;
239;3;2021-02-27T21:44:39.252Z;f;
244;5;2020-04-23T11:08:48.112Z;t;1.8
250;6;2019-02-18T03:21:00.467Z;t;0.86
256;2;2019-07-04T00:32:02.741Z;t;0
262;3;2021-02-22T03:38:56.589Z;f;
268;7;2020-02-09T15:45:12.852Z;t;3.15
274;3;2021-02-26T14:39:17.888Z;f;
281;3;2021-02-27T17:31:59.781Z;f;
287;3;2021-02-22T02:19:26.511Z;f;
293;6;2019-09-18T14:18:46.279Z;t;7.1
299;3;2021-02-11T11:53:24.885Z;f;
305;2;2020-08-03T04:52:16.147Z;t;9.5
311;5;2019-11-19T04:08:52.127Z;t;1.19
317;7;2019-10-23T18:22:28.838Z;t;6.29
323;3;2021-02-27T09:03:50.991Z;f;
329;4;2020-04-23T08:24:08.662Z;t;3.15
335;5;2019-11-15T01:27:23.674Z;t;3.95
341;3;2021-02-15T14:09:54.177Z;f;
347;4;2019-08-10T11:29:49.631Z;t;8.47
353;3;2021-02-27T16:33:30.556Z;f;
359;3;2021-02-26T16:51:57.619Z;f;
364;3;2021-02-27T21:31:09.323Z;f;
370;5;2020-12-16T22:37:43.854Z;t;1.93
376;2;2020-02-07T08:33:18.821Z;t;2.91
382;2;2020-05-09T13:55:50.972Z;t;2.12
388;3;2021-02-18T10:06:39.560Z;f;
394;3;2021-02-10T18:12:01.281Z;f;
400;3;2021-02-25T17:00:37.043Z;f;
406;6;2019-12-21T13:04:21.737Z;t;8.44
413;3;2021-02-27T15:36:28.050Z;f;
417;3;2021-02-25T07:24:16.548Z;f;
423;5;2019-11-11T02:23:50.270Z;t;8.33
433;7;2020-10-11T05:13:12.612Z;t;8.11
439;3;2021-02-25T07:00:06.713Z;f;
445;3;2021-02-24T10:24:05.482Z;f;
451;4;2019-07-31T19:44:41.344Z;t;4.7
457;6;2020-09-05T08:05:28.719Z;t;3.22
463;5;2019-10-15T10:40:17.877Z;t;3.43
469;1;2020-05-04T15:19:17.780Z;t;1.25
475;3;2021-02-07T01:15:00.144Z;f;
482;3;2021-02-21T04:08:29.475Z;f;
489;3;2021-01-31T22:58:09.547Z;f;
496;6;2019-07-09T19:44:26.280Z;t;5.96
503;4;2019-04-10T09:51:41.563Z;t;9.15
510;5;2020-09-12T16:12:00.001Z;t;3.3
517;3;2021-02-14T02:50:49.560Z;f;
525;3;2021-02-24T05:21:23.163Z;f;
532;3;2021-02-27T16:22:14.811Z;f;
539;2;2019-03-11T13:27:03.041Z;t;6.86
546;5;2020-12-12T07:23:00.080Z;t;3.35
553;5;2020-03-05T20:15:52.641Z;t;6.12
560;6;2019-11-15T22:57:38.671Z;t;9.66
567;2;2020-11-14T18:39:00.102Z;t;2.2
574;3;2021-02-21T22:04:08.194Z;f;
581;3;2021-02-18T16:34:22.099Z;f;
588;4;2021-01-01T14:14:56.596Z;t;8.29
596;3;2021-02-10T06:14:09.353Z;f;
605;3;2021-02-15T14:17:35.555Z;f;
612;6;2020-09-20T01:03:48.506Z;t;8.25
621;3;2021-01-29T23:47:54.576Z;f;
629;7;2019-06-25T17:38:13.528Z;t;7.78
636;3;2021-02-23T03:56:17.425Z;f;
643;3;2021-02-28T08:13:10.249Z;f;
650;1;2020-06-19T17:46:30.873Z;t;8.89
658;2;2020-03-02T02:35:01.125Z;t;5.47
664;2;2019-04-09T07:18:38.843Z;t;1.76
671;1;2020-07-13T13:38:03.198Z;t;4.09
678;7;2020-09-09T09:59:01.979Z;t;1.5
685;7;2020-10-17T09:12:25.239Z;t;8.51
692;7;2019-05-14T06:25:15.316Z;t;5
699;6;2019-09-24T09:41:55.894Z;t;4.6
705;2;2020-04-27T07:50:38.022Z;t;5.61
712;4;2020-10-14T03:55:06.606Z;t;7.26
719;5;2019-12-09T15:24:23.684Z;t;8.99
727;2;2019-08-15T00:47:10.542Z;t;3.15
735;3;2021-02-03T04:27:44.556Z;f;
743;5;2020-01-13T06:19:17.749Z;t;6.5
749;7;2019-08-28T11:26:53.156Z;t;4.49
757;3;2021-02-22T10:50:33.902Z;f;
765;3;2021-02-26T10:35:27.090Z;f;
773;3;2021-02-24T11:17:30.036Z;f;
781;7;2020-01-27T07:47:37.987Z;t;9.95
784;6;2020-07-15T05:19:17.551Z;t;1.65
793;3;2021-02-27T11:01:51.503Z;f;
802;3;2021-02-23T16:58:21.992Z;f;
810;3;2021-02-20T00:03:54.826Z;f;
819;7;2019-08-27T21:34:55.748Z;t;6.87
822;3;2021-02-23T17:08:37.454Z;f;
830;6;2019-07-08T22:07:08.088Z;t;3.37
839;3;2021-02-17T02:10:50.551Z;f;
848;3;2021-02-15T16:38:20.647Z;f;
858;3;2021-02-15T10:03:38.276Z;f;
867;3;2021-02-20T10:35:31.101Z;f;
878;5;2019-05-05T13:41:43.061Z;t;3.83
888;3;2021-02-10T19:35:20.690Z;f;
898;3;2021-02-24T13:30:59.367Z;f;
908;3;2021-02-24T16:11:53.658Z;f;
918;5;2019-11-07T02:47:34.392Z;t;0.57
928;3;2021-02-27T10:51:54.014Z;f;
938;3;2021-02-20T02:38:12.810Z;f;
189;3;2021-02-24T17:57:24.089Z;f;
217;3;2021-02-25T07:25:04.118Z;f;
223;6;2020-02-13T15:24:07.069Z;t;4.94
231;3;2021-02-12T18:13:02.331Z;f;
237;3;2021-02-25T22:16:15.159Z;f;
243;3;2021-02-26T16:07:02.751Z;f;
249;2;2019-09-20T23:32:45.194Z;t;3.57
255;3;2021-02-27T08:24:51.649Z;f;
261;3;2021-02-26T15:18:05.398Z;f;
267;3;2021-02-18T10:48:35.495Z;f;
273;3;2021-02-25T15:56:47.184Z;f;
279;3;2021-02-07T09:02:18.511Z;f;
285;3;2021-02-27T01:18:48.367Z;f;
291;5;2020-04-10T07:12:02.180Z;t;0.17
297;5;2021-01-03T08:01:38.264Z;t;9.75
303;3;2021-02-25T03:29:47.516Z;f;
309;3;2021-02-04T02:06:20.087Z;f;
315;2;2019-03-20T06:35:17.339Z;t;0.45
321;1;2019-07-27T06:40:49.223Z;t;9.4
327;3;2021-02-27T02:11:48.414Z;f;
333;1;2020-01-25T01:02:50.721Z;t;9.91
339;5;2019-05-31T08:43:48.007Z;t;7.22
345;1;2019-09-06T11:53:47.585Z;t;2.27
351;3;2021-02-20T17:16:52.010Z;f;
357;3;2021-02-23T14:55:56.539Z;f;
363;1;2019-09-09T12:58:49.736Z;t;2.19
369;3;2021-02-16T06:34:53.750Z;f;
375;4;2019-08-25T04:28:57.146Z;t;4.93
381;3;2021-02-25T07:55:45.122Z;f;
387;3;2021-02-26T20:19:36.430Z;f;
393;6;2020-10-01T12:02:48.688Z;t;0.93
399;3;2021-02-16T04:52:42.768Z;f;
405;6;2020-12-10T22:49:17.428Z;t;4.1
412;3;2021-02-09T16:52:48.517Z;f;
419;2;2020-09-09T04:22:01.382Z;t;7.55
426;1;2019-02-23T16:33:47.549Z;t;8.71
434;1;2020-02-18T19:00:06.041Z;t;0.18
440;7;2020-12-31T14:49:52.701Z;t;1.86
446;3;2021-02-27T15:12:54.464Z;f;
452;1;2020-02-17T07:44:20.963Z;t;5.58
458;3;2021-02-27T13:17:20.366Z;f;
464;4;2019-11-16T13:42:57.162Z;t;4.22
470;3;2021-02-27T14:34:10.309Z;f;
476;7;2019-05-11T11:08:56.274Z;t;0.56
483;3;2021-02-25T12:13:08.031Z;f;
490;3;2021-02-11T00:30:18.290Z;f;
497;3;2021-02-18T22:12:29.768Z;f;
504;3;2021-02-24T05:41:14.213Z;f;
511;3;2021-02-19T20:43:01.266Z;f;
518;5;2019-01-14T00:12:56.899Z;t;1.77
524;3;2021-02-28T00:07:26.022Z;f;
531;3;2021-02-24T05:00:13.634Z;f;
538;1;2020-07-27T20:48:38.672Z;t;4.58
545;2;2019-09-16T08:05:05.365Z;t;6.34
552;2;2019-11-02T12:09:33.892Z;t;7.97
559;3;2021-02-22T16:30:23.958Z;f;
566;3;2021-02-02T13:12:42.128Z;f;
573;1;2020-03-04T04:34:14.365Z;t;7.83
580;1;2019-02-15T05:30:57.321Z;t;3.56
587;3;2021-02-19T18:15:11.376Z;f;
594;7;2019-03-14T21:12:55.249Z;t;9.85
603;4;2019-12-22T16:36:41.211Z;t;7.56
610;3;2021-02-24T06:57:29.976Z;f;
617;2;2020-04-15T10:03:25.876Z;t;7.97
619;3;2021-02-19T10:49:34.153Z;f;
628;3;2021-02-12T11:54:11.715Z;f;
635;2;2019-12-13T13:04:37.800Z;t;5.35
642;3;2021-02-07T04:06:23.111Z;f;
649;3;2021-02-23T04:55:27.388Z;f;
659;6;2019-02-11T03:40:08.049Z;t;0.37
667;3;2021-02-26T17:11:43.490Z;f;
674;1;2019-02-13T06:57:30.729Z;t;6.53
680;2;2020-10-03T05:11:36.496Z;t;6.87
687;7;2020-01-11T05:25:43.399Z;t;1.02
694;4;2019-12-30T12:56:38.365Z;t;5.92
701;3;2021-02-22T00:13:33.022Z;f;
708;3;2021-02-09T09:17:48.266Z;f;
714;7;2020-03-05T15:52:46.595Z;t;5.29
721;4;2020-07-25T05:30:48.601Z;t;3.14
729;3;2021-02-23T20:49:35.515Z;f;
737;7;2019-01-22T16:38:10.267Z;t;6.55
746;3;2021-02-26T12:04:50.482Z;f;
754;3;2021-02-26T11:57:45.747Z;f;
762;1;2020-08-27T12:30:57.023Z;t;9.17
770;3;2021-02-26T05:29:30.320Z;f;
778;3;2021-02-22T18:56:19.870Z;f;
783;1;2020-05-26T10:55:24.076Z;t;0.55
792;1;2019-10-21T17:29:06.687Z;t;8.61
801;7;2019-09-22T09:01:31.691Z;t;9.28
809;3;2021-02-25T06:01:28.767Z;f;
813;3;2021-02-09T08:09:24.466Z;f;
821;1;2019-03-21T05:27:21.121Z;t;4.72
829;5;2019-02-07T16:49:24.336Z;t;5.52
838;1;2020-07-06T12:53:36.282Z;t;3.6
843;3;2021-02-20T03:06:17.856Z;f;
852;4;2020-05-19T06:33:06.430Z;t;6.33
861;4;2019-02-11T08:57:59.045Z;t;5.95
870;5;2020-06-20T01:26:06.604Z;t;2.56
880;6;2019-07-29T04:09:36.128Z;t;6.5
890;3;2021-02-18T19:41:28.271Z;f;
900;5;2020-07-29T15:49:38.487Z;t;2.91
910;3;2021-02-27T06:12:16.281Z;f;
920;3;2021-02-24T18:20:23.187Z;f;
930;3;2021-02-09T11:44:56.422Z;f;
940;1;2020-12-26T23:30:50.652Z;t;0.71
950;7;2019-11-08T15:58:19.029Z;t;1.88
960;4;2020-05-24T22:09:10.747Z;t;3.8
970;7;2020-06-12T06:07:51.399Z;t;3.61
980;4;2020-10-25T22:19:14.068Z;t;3.7
990;3;2021-02-26T12:14:44.048Z;f;
1000;3;2021-02-23T06:57:49.827Z;f;
1010;7;2020-01-02T15:50:28.170Z;t;0.71
1020;3;2021-02-23T00:13:06.320Z;f;
1030;5;2020-08-04T22:38:17.066Z;t;9.31
1041;3;2021-02-23T04:22:07.816Z;f;
1051;3;2021-02-27T15:44:33.975Z;f;
1061;3;2021-02-24T21:52:49.130Z;f;
1071;3;2021-02-17T00:56:49.494Z;f;
1081;3;2021-02-26T15:57:48.761Z;f;
1091;3;2021-02-08T18:10:33.730Z;f;
429;3;2021-02-21T17:38:09.032Z;f;
478;1;2019-07-30T02:15:26.709Z;t;6.36
485;5;2019-07-03T02:35:43.893Z;t;6.53
492;1;2020-03-26T09:05:03.214Z;t;1.85
499;6;2019-12-10T05:24:52.351Z;t;7.04
506;5;2019-12-19T10:42:11.286Z;t;8.36
513;4;2019-06-18T03:25:08.906Z;t;3.63
520;3;2021-02-26T14:39:53.233Z;f;
527;5;2019-08-15T07:40:38.765Z;t;2.36
534;3;2021-02-24T08:10:00.572Z;f;
541;3;2021-02-23T11:26:43.238Z;f;
548;3;2021-02-21T12:47:43.914Z;f;
555;5;2019-10-16T17:05:02.963Z;t;9.66
562;1;2020-02-14T03:32:29.761Z;t;8.99
569;3;2021-02-21T01:00:35.035Z;f;
576;2;2019-08-29T18:31:01.688Z;t;0.76
583;3;2021-02-23T19:12:27.721Z;f;
590;7;2019-09-18T21:30:10.825Z;t;1.12
595;3;2021-02-14T19:43:24.492Z;f;
604;5;2020-03-02T15:26:05.509Z;t;4.72
611;1;2019-10-17T01:33:13.972Z;t;6.53
620;3;2021-02-23T18:46:11.157Z;f;
630;2;2019-01-17T17:01:59.075Z;t;9.97
637;1;2020-02-23T22:23:35.246Z;t;0.19
644;3;2021-02-24T07:14:16.432Z;f;
651;5;2020-06-17T03:49:43.294Z;t;1.57
661;2;2019-05-02T04:18:13.640Z;t;7.2
668;3;2021-02-24T22:15:52.483Z;f;
675;3;2021-02-13T06:20:15.764Z;f;
682;2;2019-12-30T06:56:08.516Z;t;0.68
689;3;2021-02-28T01:53:16.036Z;f;
696;4;2019-04-09T07:47:32.863Z;t;0.27
703;3;2021-02-27T14:58:24.164Z;f;
710;3;2021-02-20T23:36:38.365Z;f;
717;3;2021-02-21T04:20:24.810Z;f;
725;7;2019-06-08T16:48:37.934Z;t;1.65
734;5;2020-08-24T19:33:39.024Z;t;3.97
742;1;2020-12-11T16:20:53.886Z;t;3.15
750;3;2021-02-18T11:54:19.215Z;f;
758;3;2021-02-27T21:28:38.302Z;f;
766;3;2021-02-12T07:45:23.305Z;f;
774;5;2020-08-07T09:36:08.468Z;t;0.83
782;4;2020-09-12T02:44:43.941Z;t;6.58
791;2;2019-05-02T11:36:20.076Z;t;0.26
800;3;2021-02-21T00:22:46.069Z;f;
808;7;2020-03-25T17:10:06.911Z;t;1.14
817;4;2019-07-22T11:50:48.653Z;t;5.84
823;5;2019-10-31T14:03:49.106Z;t;2.37
831;5;2020-11-15T14:37:59.341Z;t;0.8
840;3;2021-02-20T11:17:33.086Z;f;
849;4;2021-01-03T07:16:02.263Z;t;0.1
859;2;2020-03-20T14:15:48.981Z;t;8.64
868;5;2019-01-24T18:57:29.840Z;t;9.7
875;3;2021-02-20T22:46:58.132Z;f;
885;6;2019-11-25T10:58:56.950Z;t;2.28
894;3;2021-02-27T18:05:09.608Z;f;
904;3;2021-02-28T04:44:55.867Z;f;
914;7;2020-02-28T11:00:45.693Z;t;7.3
924;3;2021-02-20T16:07:51.329Z;f;
934;3;2021-02-25T18:04:28.226Z;f;
944;2;2020-05-23T17:52:13.129Z;t;1.57
954;3;2021-02-16T08:57:08.165Z;f;
964;3;2021-02-25T21:27:54.698Z;f;
974;4;2020-12-31T05:29:22.723Z;t;1.73
984;3;2021-02-25T19:34:10.254Z;f;
994;3;2021-02-24T01:35:09.014Z;f;
1005;3;2021-02-24T17:03:41.497Z;f;
1014;3;2021-02-18T18:30:41.015Z;f;
1024;2;2020-04-28T02:03:58.612Z;t;9.96
1034;6;2019-12-14T22:43:52.348Z;t;6.03
1044;3;2021-02-09T11:17:17.618Z;f;
1055;7;2020-01-01T06:48:45.125Z;t;2.59
1065;3;2021-02-11T16:37:45.852Z;f;
1075;3;2021-02-20T02:06:26.171Z;f;
1085;3;2021-02-24T11:24:31.923Z;f;
1095;3;2021-02-25T06:29:21.839Z;f;
1105;3;2021-02-13T05:02:02.889Z;f;
1116;3;2021-02-22T06:44:49.353Z;f;
1126;3;2021-02-20T20:24:38.673Z;f;
1136;3;2021-02-20T04:01:39.394Z;f;
1146;1;2020-12-01T06:03:20.272Z;t;2.13
1157;3;2021-02-13T15:45:50.753Z;f;
1167;3;2021-02-27T03:45:28.391Z;f;
1177;3;2021-02-25T14:38:56.102Z;f;
1187;3;2021-02-22T22:53:13.013Z;f;
1197;2;2019-08-22T09:46:05.733Z;t;2.39
1207;3;2021-02-26T17:50:08.889Z;f;
1217;6;2019-11-08T23:10:33.787Z;t;3.71
1228;7;2019-05-25T07:17:55.236Z;t;8.08
1238;2;2019-11-02T08:51:11.052Z;t;2.82
1248;1;2020-01-20T16:32:44.305Z;t;2.52
1258;3;2021-02-11T19:11:15.633Z;f;
1268;3;2021-02-17T19:40:35.342Z;f;
1278;3;2021-02-22T03:24:57.182Z;f;
1288;6;2020-05-20T19:11:27.282Z;t;8.82
1298;3;2021-02-23T02:56:57.418Z;f;
1308;5;2020-07-11T15:02:34.771Z;t;6.27
1318;3;2021-02-25T20:09:06.826Z;f;
1329;3;2021-02-21T04:31:38.027Z;f;
1338;3;2021-02-24T21:12:56.058Z;f;
1347;3;2021-02-24T01:06:08.740Z;f;
1357;3;2021-02-24T19:34:41.984Z;f;
1367;1;2019-03-03T21:01:51.182Z;t;3.69
1377;1;2019-04-14T12:20:37.040Z;t;9.87
1391;7;2020-07-05T08:19:23.933Z;t;0.39
1401;6;2019-11-27T07:51:24.904Z;t;0.62
1410;6;2019-10-30T10:27:52.549Z;t;1.04
1420;5;2019-07-26T07:05:49.466Z;t;7.37
1427;4;2019-11-27T04:19:26.945Z;t;8.39
1435;3;2021-02-27T08:18:34.300Z;f;
1443;2;2019-09-04T07:25:41.801Z;t;6.07
1451;3;2021-02-05T13:02:01.976Z;f;
1462;2;2020-09-17T15:55:48.692Z;t;6.24
1473;7;2019-05-24T18:15:52.475Z;t;8.32
1482;6;2019-01-31T05:37:34.195Z;t;9.91
1491;3;2021-02-16T06:48:52.729Z;f;
1499;3;2021-02-16T15:42:32.053Z;f;
1508;1;2019-04-10T02:31:24.629Z;t;6.02
1521;1;2020-10-29T19:32:27.348Z;t;1.82
1528;5;2019-02-17T00:02:54.098Z;t;5.44
655;3;2021-02-14T08:27:26.540Z;f;
723;3;2021-02-21T11:14:35.600Z;f;
731;1;2020-11-28T10:46:11.786Z;t;2.34
740;6;2020-01-26T19:10:08.841Z;t;3.5
748;3;2021-02-06T02:39:20.877Z;f;
756;3;2021-02-25T22:29:36.824Z;f;
764;3;2021-02-12T00:42:17.345Z;f;
772;3;2021-02-27T10:21:47.584Z;f;
780;1;2020-01-07T06:51:34.325Z;t;2.34
789;6;2020-02-01T12:29:54.705Z;t;7.45
790;1;2019-06-27T13:55:13.187Z;t;6.27
799;3;2021-02-08T23:31:53.251Z;f;
807;1;2019-04-24T12:41:21.311Z;t;8.28
816;3;2021-02-23T07:39:45.990Z;f;
827;7;2020-10-15T04:03:59.232Z;t;8.87
835;3;2021-02-26T09:21:56.825Z;f;
845;2;2019-03-08T08:22:49.794Z;t;4.47
855;3;2021-02-25T13:40:44.521Z;f;
863;3;2021-02-16T16:32:49.865Z;f;
872;7;2019-04-02T21:01:19.206Z;t;8.29
882;2;2020-03-16T20:05:56.747Z;t;0.35
895;2;2019-10-25T20:12:04.844Z;t;0.11
905;6;2020-09-04T08:54:46.859Z;t;5.14
915;3;2021-02-27T18:46:30.367Z;f;
925;3;2021-02-08T08:42:57.685Z;f;
935;3;2021-02-23T20:34:57.883Z;f;
945;7;2020-02-10T23:39:28.273Z;t;6.5
955;3;2021-02-24T05:22:34.220Z;f;
965;1;2020-12-22T17:04:05.665Z;t;9.47
975;3;2021-02-25T12:57:51.113Z;f;
985;3;2021-02-26T11:05:50.751Z;f;
995;3;2021-02-26T19:03:48.328Z;f;
1002;7;2020-06-27T05:57:19.566Z;t;3.93
1012;3;2021-02-23T13:29:36.857Z;f;
1022;3;2021-02-27T08:06:09.889Z;f;
1032;3;2021-02-22T01:09:38.684Z;f;
1043;3;2021-02-23T01:25:43.700Z;f;
1054;5;2019-12-19T20:29:38.389Z;t;5.51
1064;7;2020-08-26T03:02:53.256Z;t;3.55
1074;3;2021-02-09T03:20:48.571Z;f;
1084;6;2019-11-15T06:49:15.321Z;t;8.06
1094;5;2020-11-15T09:26:27.362Z;t;3.64
1104;5;2019-01-04T10:08:55.825Z;t;8.37
1114;2;2019-06-14T17:13:53.429Z;t;7.69
1124;3;2021-02-21T10:44:26.415Z;f;
1134;4;2019-06-30T22:40:38.014Z;t;2.85
1144;3;2021-02-11T19:34:34.968Z;f;
1154;3;2021-02-22T21:13:38.594Z;f;
1163;5;2019-10-10T09:55:00.249Z;t;4.18
1173;3;2021-02-19T03:06:28.930Z;f;
1183;3;2021-02-22T20:48:46.168Z;f;
1193;3;2021-02-27T01:06:47.099Z;f;
1204;6;2020-01-01T23:06:19.478Z;t;6.04
1214;3;2021-02-22T13:36:31.782Z;f;
1224;7;2020-02-03T04:26:15.554Z;t;7.43
1234;7;2020-01-26T10:46:02.003Z;t;7.94
1244;3;2021-02-14T05:07:37.758Z;f;
1254;2;2019-03-10T16:11:50.814Z;t;6
1264;4;2020-08-24T06:24:54.729Z;t;0.14
1274;3;2021-02-17T01:24:52.266Z;f;
1284;7;2020-04-29T22:10:01.462Z;t;1.13
1294;2;2019-01-25T10:30:28.533Z;t;5.55
1304;7;2019-05-22T13:18:12.528Z;t;9.8
1314;4;2020-05-08T08:17:08.456Z;t;5.33
1324;3;2021-02-15T14:05:29.277Z;f;
1334;3;2021-02-17T21:59:47.396Z;f;
1343;6;2020-01-06T03:11:25.672Z;t;6.28
1353;3;2021-02-17T09:00:25.210Z;f;
1363;7;2019-12-11T14:30:58.492Z;t;4.08
1373;3;2021-02-21T22:15:07.636Z;f;
1383;5;2019-07-02T12:38:02.570Z;t;8.76
1387;5;2020-03-09T16:33:42.781Z;t;7.18
1397;1;2020-03-08T07:08:11.943Z;t;0.89
1405;2;2019-11-30T11:14:35.787Z;t;4.92
1416;3;2021-02-26T15:13:55.048Z;f;
1425;3;2021-02-20T14:02:09.179Z;f;
1433;1;2020-05-08T07:16:09.371Z;t;8.19
1441;7;2019-07-12T06:09:35.224Z;t;5.23
1449;2;2020-07-01T08:05:54.220Z;t;2.97
1459;3;2021-02-17T18:18:14.229Z;f;
1467;3;2021-02-23T20:19:16.835Z;f;
1470;7;2019-02-15T20:03:32.620Z;t;2.49
1479;3;2021-02-26T01:27:54.329Z;f;
1486;3;2021-02-13T07:31:24.464Z;f;
1495;4;2020-02-22T07:30:05.041Z;t;1.92
1504;1;2020-03-31T13:28:34.757Z;t;4.12
1514;1;2019-07-14T03:00:09.240Z;t;2.64
1530;3;2021-02-22T01:51:34.321Z;f;
1541;3;2021-02-22T18:13:55.691Z;f;
1551;2;2020-01-05T23:48:54.847Z;t;4.96
1562;1;2020-10-22T14:15:06.655Z;t;1.88
1572;1;2020-01-11T09:00:31.837Z;t;8.22
1581;2;2019-01-28T19:25:57.487Z;t;6.16
1588;3;2021-02-24T23:03:39.733Z;f;
1597;3;2021-02-27T22:14:50.730Z;f;
1604;6;2019-12-27T06:43:37.178Z;t;4.04
1613;3;2021-02-23T05:22:40.711Z;f;
1621;2;2019-10-05T01:11:12.768Z;t;0.2
1632;1;2019-12-01T10:28:47.087Z;t;0.26
1642;3;2021-02-19T10:57:36.136Z;f;
1652;3;2021-02-26T18:48:27.694Z;f;
1662;5;2020-07-19T07:47:57.563Z;t;6.22
1671;5;2019-01-19T12:14:26.189Z;t;5.81
1681;3;2021-02-17T05:59:42.249Z;f;
1691;3;2021-02-23T22:17:14.929Z;f;
1701;3;2021-02-17T18:21:05.811Z;f;
1711;7;2019-03-01T23:36:24.313Z;t;2.87
1721;3;2021-02-28T09:04:19.359Z;f;
1731;3;2021-02-17T12:13:06.279Z;f;
1741;7;2020-01-24T01:53:12.882Z;t;7.18
1751;3;2021-02-28T09:44:12.209Z;f;
1761;3;2021-02-19T06:53:29.555Z;f;
1770;3;2021-02-21T05:30:21.351Z;f;
1781;1;2019-05-22T05:35:20.221Z;t;5.24
1790;6;2020-12-27T15:14:46.627Z;t;3.28
1801;6;2019-01-26T21:23:54.753Z;t;6.9
1810;3;2021-02-09T21:55:18.397Z;f;
1822;3;2021-02-17T12:38:54.339Z;f;
1832;2;2019-04-19T11:15:18.236Z;t;3.38
1842;4;2019-06-20T11:43:47.608Z;t;3.52
833;3;2021-02-21T12:03:48.927Z;f;
853;3;2021-02-17T04:19:14.320Z;f;
862;7;2020-05-01T16:48:06.831Z;t;7.88
871;4;2019-01-21T11:47:28.283Z;t;3.17
881;5;2021-01-01T22:22:09.950Z;t;1.04
891;2;2020-12-13T07:29:05.864Z;t;7.98
901;6;2020-09-20T09:16:56.982Z;t;7.04
911;2;2020-12-08T05:52:09.957Z;t;8.67
921;3;2021-02-20T21:33:19.818Z;f;
931;3;2021-02-25T18:56:18.179Z;f;
941;4;2020-09-17T20:51:01.031Z;t;0.44
951;3;2021-02-27T12:49:36.515Z;f;
961;3;2021-02-25T07:58:32.696Z;f;
971;3;2021-02-21T03:21:27.848Z;f;
981;1;2020-12-20T16:27:42.691Z;t;7.41
991;6;2019-08-17T21:23:55.112Z;t;5.98
1001;1;2020-04-25T21:01:17.288Z;t;2.42
1011;5;2019-11-28T16:27:16.931Z;t;2.12
1021;5;2020-05-15T10:01:27.478Z;t;3.62
1031;3;2021-02-24T11:15:20.771Z;f;
1042;3;2021-02-23T09:43:59.307Z;f;
1052;4;2019-05-16T16:49:07.478Z;t;9.16
1062;3;2021-02-09T13:58:54.115Z;f;
1072;6;2020-06-17T10:35:19.765Z;t;1.91
1082;3;2021-02-21T18:02:15.914Z;f;
1092;3;2021-02-08T17:31:03.451Z;f;
1102;5;2020-06-28T07:58:47.354Z;t;6.28
1112;1;2020-03-09T15:05:11.145Z;t;1.56
1122;5;2020-02-25T19:42:02.025Z;t;8.65
1132;3;2021-02-25T22:09:34.196Z;f;
1142;7;2019-12-11T00:35:23.587Z;t;9.22
1152;3;2021-02-26T11:22:26.882Z;f;
1162;3;2021-02-25T18:25:36.121Z;f;
1172;6;2020-02-18T04:35:18.324Z;t;4.9
1182;3;2021-02-25T04:37:24.043Z;f;
1192;3;2021-02-23T20:59:25.100Z;f;
1202;5;2019-11-21T12:43:57.137Z;t;5.4
1212;6;2019-04-20T16:45:15.357Z;t;9.8
1222;2;2020-12-15T07:46:40.322Z;t;1.06
1225;4;2020-11-28T09:18:39.219Z;t;2.72
1235;3;2021-02-27T18:51:15.117Z;f;
1246;1;2020-02-08T00:43:18.588Z;t;0.07
1256;5;2019-04-17T02:29:53.824Z;t;7.79
1265;3;2021-02-14T16:03:48.463Z;f;
1276;3;2021-02-09T18:27:43.512Z;f;
1286;7;2020-04-25T12:47:19.029Z;t;8.35
1296;3;2021-02-24T17:54:46.547Z;f;
1306;3;2021-02-27T11:58:21.212Z;f;
1315;3;2021-02-13T04:17:18.386Z;f;
1325;3;2021-02-21T02:12:29.286Z;f;
1337;3;2021-02-26T03:40:09.807Z;f;
1348;3;2021-02-28T04:36:42.786Z;f;
1358;3;2021-02-26T03:12:40.424Z;f;
1368;1;2019-12-21T13:23:37.548Z;t;1.66
1378;3;2021-02-25T16:26:00.514Z;f;
1395;2;2020-07-03T01:11:40.578Z;t;3.37
1404;3;2021-02-19T09:26:12.308Z;f;
1414;3;2021-02-16T07:41:35.202Z;f;
1454;5;2019-07-20T09:13:04.472Z;t;6.27
1474;3;2021-02-24T15:33:41.044Z;f;
1506;1;2019-01-18T20:48:02.259Z;t;4.56
1518;1;2019-02-21T10:23:39.948Z;t;7.68
1525;3;2021-02-20T01:25:05.285Z;f;
1535;3;2021-02-26T15:39:49.518Z;f;
1545;5;2020-11-19T07:19:35.774Z;t;5.98
1555;3;2021-02-25T07:26:37.619Z;f;
1565;3;2021-02-26T14:22:26.969Z;f;
1574;2;2019-03-12T22:13:55.604Z;t;3.41
1584;3;2021-02-27T22:06:41.179Z;f;
1592;3;2021-02-26T11:06:57.394Z;f;
1600;2;2020-06-21T19:09:26.374Z;t;8.87
1608;3;2021-02-21T09:43:55.752Z;f;
1618;3;2021-02-20T01:09:57.372Z;f;
1626;7;2019-10-20T14:23:55.855Z;t;6.02
1636;1;2019-11-19T09:04:09.523Z;t;7.29
1646;1;2019-08-11T06:15:05.809Z;t;5.14
1656;3;2021-02-22T19:26:30.420Z;f;
1666;3;2021-02-27T14:03:00.213Z;f;
1676;3;2021-02-26T23:32:12.289Z;f;
1686;6;2019-12-27T00:36:14.173Z;t;1.95
1696;3;2021-02-18T10:27:35.504Z;f;
1706;3;2021-02-19T17:54:47.470Z;f;
1716;2;2020-08-27T15:59:39.146Z;t;0.11
1726;6;2020-02-12T17:13:21.027Z;t;4.47
1736;2;2020-03-16T10:28:08.267Z;t;9.17
1746;3;2021-02-21T16:17:18.954Z;f;
1756;3;2021-02-25T14:45:57.390Z;f;
1766;3;2021-02-27T16:53:42.825Z;f;
1776;3;2021-02-26T07:39:22.651Z;f;
1786;5;2019-02-15T05:46:43.575Z;t;5.86
1796;6;2019-03-08T16:05:04.590Z;t;9.35
1805;5;2019-02-23T17:45:15.218Z;t;2.2
1815;3;2021-02-16T18:18:58.206Z;f;
1825;6;2019-08-14T14:52:17.578Z;t;0.55
1835;1;2020-11-18T00:33:51.496Z;t;0.84
1845;5;2019-03-10T01:56:14.041Z;t;4.06
1855;5;2019-12-24T19:29:41.661Z;t;0.45
1865;3;2021-02-23T13:43:13.831Z;f;
1875;3;2021-02-10T11:42:13.223Z;f;
1885;1;2019-11-10T04:21:47.270Z;t;1.78
1895;5;2020-09-10T16:18:20.582Z;t;5.22
1905;3;2021-02-19T08:50:21.923Z;f;
1915;7;2019-02-11T16:31:19.752Z;t;0.78
1925;7;2020-09-30T22:00:24.294Z;t;2.78
1935;5;2021-01-02T08:02:04.419Z;t;8.42
1945;3;2021-02-05T02:10:20.896Z;f;
1955;5;2019-08-20T05:46:33.342Z;t;4.47
1965;3;2021-02-09T00:24:37.380Z;f;
1975;1;2020-06-09T02:03:31.013Z;t;4.08
1985;3;2021-02-27T03:57:13.740Z;f;
1995;1;2019-10-26T01:30:01.044Z;t;1.91
850;3;2021-02-26T04:26:08.325Z;f;
874;5;2019-09-30T08:29:21.105Z;t;0.86
884;6;2020-11-19T22:08:12.305Z;t;8.76
893;7;2020-11-13T04:25:40.376Z;t;1.3
903;3;2021-02-23T07:47:08.136Z;f;
913;3;2021-02-25T11:08:26.687Z;f;
923;6;2019-11-22T11:30:04.259Z;t;7.88
933;1;2019-02-17T07:37:45.441Z;t;4.47
943;1;2020-05-17T05:50:35.233Z;t;7.34
953;3;2021-02-26T13:11:08.552Z;f;
963;7;2019-03-19T04:12:46.751Z;t;3.55
973;3;2021-02-09T14:50:03.473Z;f;
983;1;2020-10-16T21:19:04.385Z;t;4.85
993;2;2020-02-29T06:50:38.069Z;t;1.49
1004;3;2021-02-28T06:46:53.936Z;f;
1015;3;2021-02-25T07:25:31.428Z;f;
1025;3;2021-02-20T06:52:44.578Z;f;
1035;4;2020-06-14T08:34:01.053Z;t;6.64
1045;3;2021-02-25T07:03:02.481Z;f;
1056;4;2019-03-05T20:50:56.445Z;t;1.77
1066;3;2021-02-13T08:09:17.908Z;f;
1076;6;2020-08-11T01:27:20.742Z;t;0.6
1086;3;2021-02-12T13:28:41.961Z;f;
1096;5;2019-06-15T12:23:11.521Z;t;5.26
1106;5;2020-05-20T07:19:13.807Z;t;3.85
1115;4;2020-03-10T22:00:39.946Z;t;0.5
1125;5;2019-01-17T23:37:46.766Z;t;1.8
1135;5;2020-05-28T21:24:46.861Z;t;0.87
1145;3;2021-02-22T03:38:52.250Z;f;
1155;7;2020-04-20T20:19:11.327Z;t;7.03
1165;3;2021-02-19T07:20:36.844Z;f;
1175;3;2021-02-26T12:19:53.870Z;f;
1185;7;2020-07-30T14:34:57.142Z;t;5.88
1195;6;2019-05-07T23:01:40.795Z;t;0.46
1205;3;2021-02-19T22:54:24.302Z;f;
1215;1;2020-06-26T13:55:02.546Z;t;0.44
1226;3;2021-02-13T21:01:21.099Z;f;
1236;3;2021-02-12T00:18:00.188Z;f;
1245;3;2021-02-16T22:42:49.985Z;f;
1255;3;2021-02-18T07:35:52.827Z;f;
1266;5;2019-11-10T15:15:36.038Z;t;5.02
1275;3;2021-02-09T18:34:36.077Z;f;
1285;3;2021-02-23T00:43:52.415Z;f;
1295;5;2020-01-21T15:23:16.342Z;t;5.04
1305;4;2020-06-24T08:24:14.133Z;t;0.73
1316;2;2020-09-15T20:28:41.860Z;t;8.03
1326;3;2021-02-26T14:17:05.202Z;f;
1335;3;2021-02-26T22:45:49.119Z;f;
1345;6;2020-07-19T17:00:45.933Z;t;5.04
1355;6;2020-01-22T07:11:06.758Z;t;6.32
1365;3;2021-02-26T22:01:33.727Z;f;
1375;3;2021-02-27T14:21:14.170Z;f;
1385;3;2021-02-13T10:32:29.054Z;f;
1394;3;2021-02-13T23:28:37.768Z;f;
1412;3;2021-02-25T17:51:22.670Z;f;
1453;6;2020-07-19T06:33:33.915Z;t;3.07
1469;3;2021-02-12T23:02:50.527Z;f;
1505;7;2020-04-17T10:59:14.760Z;t;4.47
1515;3;2021-02-18T23:00:32.444Z;f;
1519;4;2019-01-27T01:36:45.316Z;t;4.05
1527;2;2019-05-29T18:38:01.566Z;t;6.44
1537;3;2021-02-17T12:24:35.143Z;f;
1546;5;2019-10-02T03:59:23.088Z;t;2.9
1554;3;2021-02-06T11:15:17.804Z;f;
1564;7;2019-10-02T02:05:43.504Z;t;5.94
1575;3;2021-02-25T21:38:47.395Z;f;
1582;2;2019-08-07T00:38:48.870Z;t;5.44
1590;2;2020-10-12T15:51:24.797Z;t;4.77
1598;3;2021-02-26T02:20:49.948Z;f;
1606;3;2021-02-05T07:48:18.057Z;f;
1615;5;2020-12-27T07:41:31.271Z;t;3.73
1623;3;2021-02-11T19:57:29.884Z;f;
1631;6;2019-06-09T06:06:44.573Z;t;5.33
1641;6;2019-05-26T10:41:56.979Z;t;0.59
1651;3;2021-02-27T16:16:51.807Z;f;
1661;2;2020-03-31T11:21:37.901Z;t;6.53
1672;6;2020-01-07T02:22:23.752Z;t;9.21
1682;5;2019-03-29T06:00:51.583Z;t;6.59
1692;6;2019-12-24T16:44:58.485Z;t;4.01
1702;2;2019-06-22T18:24:37.312Z;t;1.44
1712;3;2021-02-08T12:43:12.578Z;f;
1722;4;2020-10-04T21:43:58.419Z;t;4.84
1732;2;2020-11-12T02:05:48.098Z;t;0.15
1742;1;2019-07-11T12:06:43.381Z;t;9.44
1752;3;2021-02-20T09:06:42.948Z;f;
1762;5;2020-10-16T11:23:43.268Z;t;5.19
1774;3;2021-02-26T20:06:25.939Z;f;
1784;4;2019-04-06T13:26:52.441Z;t;5.82
1794;3;2021-02-24T12:01:29.478Z;f;
1804;3;2021-02-27T20:09:23.050Z;f;
1814;3;2021-02-21T10:23:59.099Z;f;
1819;3;2021-02-15T16:23:52.075Z;f;
1829;3;2021-02-22T02:46:50.780Z;f;
1840;3;2021-02-25T04:46:07.561Z;f;
1850;2;2019-01-12T04:36:31.938Z;t;3.6
1860;3;2021-02-18T10:46:49.414Z;f;
1870;2;2019-10-09T16:02:34.061Z;t;3.87
1881;3;2021-02-08T21:21:49.841Z;f;
1891;3;2021-02-27T03:17:40.277Z;f;
1901;6;2019-05-12T17:09:08.026Z;t;0.2
1911;5;2020-10-31T09:32:33.497Z;t;7.94
1921;2;2019-07-29T16:42:38.984Z;t;7.1
1931;3;2021-02-26T18:02:15.680Z;f;
1941;2;2020-12-07T17:30:10.711Z;t;2.26
1951;3;2021-02-25T21:35:34.188Z;f;
1961;7;2019-08-30T17:35:40.146Z;t;9.82
1971;7;2019-07-23T00:15:19.244Z;t;2.79
1981;3;2021-02-21T20:22:59.495Z;f;
1991;5;2019-05-10T04:37:56.061Z;t;8.54
909;3;2021-02-19T04:52:25.333Z;f;
919;3;2021-02-25T19:23:57.297Z;f;
929;2;2020-12-13T06:00:35.219Z;t;9.27
939;3;2021-02-12T06:46:26.561Z;f;
949;1;2019-05-27T16:27:19.654Z;t;8.17
959;3;2021-02-15T03:56:49.112Z;f;
969;3;2021-02-28T00:22:03.893Z;f;
979;3;2021-02-13T07:54:55.835Z;f;
989;7;2019-04-19T00:20:57.857Z;t;0.34
999;2;2020-08-03T05:32:14.517Z;t;3.57
1009;7;2019-11-09T13:18:47.211Z;t;5.32
1019;3;2021-02-13T17:33:55.819Z;f;
1029;3;2021-02-27T20:24:16.610Z;f;
1040;3;2021-02-28T05:50:45.379Z;f;
1050;7;2020-03-13T04:33:17.436Z;t;0.6
1060;2;2019-04-05T13:23:33.159Z;t;0.15
1070;7;2019-09-01T05:01:41.299Z;t;6.69
1080;5;2019-03-10T03:02:08.559Z;t;9.08
1090;3;2021-02-16T02:12:36.996Z;f;
1100;2;2019-03-08T02:50:47.839Z;t;4.93
1109;2;2020-12-12T17:45:04.659Z;t;0.02
1119;3;2021-02-26T05:48:48.832Z;f;
1129;3;2021-02-22T01:53:35.612Z;f;
1139;3;2021-02-08T18:39:25.367Z;f;
1149;3;2021-02-07T03:59:28.059Z;f;
1159;5;2020-10-03T03:05:17.077Z;t;8.85
1169;4;2020-07-17T11:15:32.645Z;t;2.79
1179;3;2021-02-27T14:30:23.887Z;f;
1189;5;2019-12-25T09:56:10.630Z;t;5.99
1199;4;2020-07-22T00:16:08.500Z;t;4.64
1209;7;2020-08-22T05:13:14.682Z;t;9.86
1219;6;2019-12-01T13:40:34.853Z;t;7.04
1230;1;2019-07-11T08:22:21.066Z;t;7.41
1239;3;2021-02-20T06:13:18.904Z;f;
1249;4;2019-04-02T10:35:59.826Z;t;8.74
1259;7;2020-07-05T21:16:57.520Z;t;5.98
1269;3;2021-02-27T06:04:25.173Z;f;
1279;3;2021-02-20T10:30:08.485Z;f;
1289;7;2020-05-05T20:32:48.386Z;t;9.15
1299;3;2021-02-14T17:22:26.375Z;f;
1309;3;2021-02-12T16:30:19.988Z;f;
1319;6;2019-08-03T01:39:00.355Z;t;3.38
1328;6;2020-10-22T01:38:40.925Z;t;0.72
1339;3;2021-02-24T21:25:10.417Z;f;
1349;1;2020-09-26T03:14:07.889Z;t;7.31
1359;3;2021-02-24T17:14:54.151Z;f;
1369;4;2019-12-12T19:29:51.952Z;t;0.89
1379;3;2021-02-16T20:48:45.575Z;f;
1393;3;2021-02-27T13:20:03.712Z;f;
1403;3;2021-02-10T14:51:13.309Z;f;
1413;3;2021-02-24T01:12:14.250Z;f;
1422;6;2020-05-28T00:17:31.959Z;t;7.04
1430;1;2020-10-29T19:28:01.457Z;t;7.14
1438;2;2019-01-28T06:30:05.877Z;t;4.91
1446;3;2021-02-16T16:48:09.659Z;f;
1456;3;2021-02-27T11:49:53.730Z;f;
1464;3;2021-02-18T07:30:35.917Z;f;
1475;3;2021-02-19T08:00:44.029Z;f;
1483;1;2020-05-07T02:52:29.154Z;t;2.16
1490;2;2019-05-08T09:29:44.473Z;t;9.52
1498;7;2019-10-03T10:09:36.543Z;t;9.18
1509;1;2020-04-22T14:08:29.915Z;t;8.68
1522;4;2020-10-30T14:37:39.036Z;t;3.37
1529;3;2021-02-24T13:06:52.591Z;f;
1539;7;2020-08-22T03:49:08.877Z;t;2.39
1549;6;2020-10-25T20:15:14.624Z;t;4.09
1559;1;2020-04-03T21:28:14.150Z;t;4.43
1570;1;2020-07-03T15:14:26.396Z;t;5.29
1579;7;2019-06-09T17:17:03.523Z;t;4.49
1587;3;2021-02-28T07:32:32.701Z;f;
1595;6;2019-02-09T21:52:03.250Z;t;1.49
1603;3;2021-02-16T01:20:04.965Z;f;
1611;2;2019-09-09T05:15:15.733Z;t;2.88
1620;3;2021-02-28T00:39:10.332Z;f;
1629;5;2020-01-06T03:20:31.175Z;t;9.59
1638;3;2021-02-26T20:40:10.724Z;f;
1648;3;2021-02-23T20:48:58.094Z;f;
1658;6;2020-01-23T14:43:20.222Z;t;9.39
1668;4;2019-04-30T15:36:11.224Z;t;4.17
1678;3;2021-02-06T22:13:18.748Z;f;
1688;3;2021-02-27T01:48:29.570Z;f;
1699;4;2019-04-07T20:44:35.960Z;t;1.86
1709;3;2021-02-22T16:08:29.631Z;f;
1719;3;2021-02-23T02:26:06.069Z;f;
1729;3;2021-02-25T17:36:05.883Z;f;
1739;6;2019-02-22T16:22:02.197Z;t;1.83
1749;3;2021-02-09T06:09:08.405Z;f;
1759;3;2021-02-25T18:53:33.111Z;f;
1769;4;2020-01-05T13:44:06.271Z;t;8.53
1779;4;2019-06-12T17:49:52.091Z;t;6.1
1789;3;2021-02-19T10:44:49.741Z;f;
1799;3;2021-02-26T17:00:02.716Z;f;
1809;3;2021-02-13T01:06:18.392Z;f;
1820;3;2021-02-25T10:30:14.803Z;f;
1830;7;2020-06-13T09:26:04.186Z;t;6.84
1839;6;2020-05-01T17:38:57.796Z;t;7.37
1849;6;2019-10-27T01:15:11.775Z;t;5.03
1859;7;2019-06-27T00:01:32.650Z;t;6.03
1869;6;2020-03-20T03:23:48.149Z;t;9.61
1879;3;2021-02-12T12:24:00.624Z;f;
1889;3;2021-02-21T13:15:50.314Z;f;
1899;3;2021-02-11T02:15:42.312Z;f;
1909;3;2021-02-25T15:05:17.700Z;f;
1919;3;2021-02-12T00:34:27.236Z;f;
1929;5;2020-11-13T14:33:26.632Z;t;9.61
1938;3;2021-02-19T18:35:00.173Z;f;
1948;3;2021-02-25T00:51:09.219Z;f;
1958;1;2019-04-15T06:39:15.345Z;t;7.94
1967;3;2021-02-20T00:46:40.935Z;f;
1977;3;2021-02-14T13:44:49.593Z;f;
1987;6;2019-04-07T21:41:15.483Z;t;7.04
1997;3;2021-02-11T20:10:46.876Z;f;
912;3;2021-01-30T19:52:11.791Z;f;
922;6;2019-12-31T15:26:23.282Z;t;8.33
932;3;2021-02-13T18:41:16.985Z;f;
942;5;2020-06-30T01:45:49.012Z;t;7.78
952;3;2021-02-20T12:06:28.150Z;f;
962;1;2019-10-15T04:56:47.397Z;t;3.49
972;7;2020-12-03T01:55:22.763Z;t;1.64
982;5;2020-03-07T00:09:21.022Z;t;3.82
992;6;2020-04-27T00:21:21.648Z;t;5.22
1003;4;2019-12-03T09:59:52.892Z;t;2.23
1013;3;2021-02-24T06:13:19.446Z;f;
1023;1;2020-08-28T13:23:45.580Z;t;6.09
1033;4;2020-07-02T13:32:17.096Z;t;9.69
1036;3;2021-02-17T10:09:45.173Z;f;
1046;6;2019-05-26T09:21:24.281Z;t;9.39
1053;2;2019-04-18T17:26:04.055Z;t;6.06
1063;3;2021-02-16T07:33:43.249Z;f;
1073;7;2020-10-29T11:37:38.571Z;t;3
1083;3;2021-02-26T12:18:35.235Z;f;
1093;3;2021-02-16T02:58:58.673Z;f;
1103;7;2020-09-20T12:27:16.582Z;t;6.83
1113;3;2021-02-25T10:07:43.781Z;f;
1123;7;2020-12-26T08:55:51.665Z;t;0.01
1133;4;2020-07-24T20:05:23.545Z;t;1.43
1143;1;2019-04-20T11:34:17.784Z;t;7.95
1153;3;2021-02-22T20:48:27.280Z;f;
1164;7;2019-09-21T04:23:34.422Z;t;5.63
1174;3;2021-02-27T04:06:44.507Z;f;
1184;7;2019-03-14T18:37:47.976Z;t;6.5
1194;6;2019-04-22T22:40:37.311Z;t;7.77
1203;3;2021-02-27T18:48:16.405Z;f;
1213;3;2021-02-27T05:55:54.827Z;f;
1223;3;2021-02-27T17:48:22.641Z;f;
1233;5;2019-07-30T17:33:05.140Z;t;0.17
1243;4;2019-02-14T10:23:27.697Z;t;6.64
1253;3;2021-02-11T17:26:05.411Z;f;
1263;3;2021-02-27T16:31:21.670Z;f;
1273;1;2020-06-20T20:24:16.295Z;t;7.74
1283;5;2019-05-20T16:11:25.792Z;t;0.62
1293;7;2020-05-19T05:50:10.927Z;t;8.82
1303;3;2021-02-26T21:02:21.230Z;f;
1313;1;2019-09-17T15:05:57.942Z;t;4.89
1323;7;2020-02-07T10:21:29.275Z;t;0.8
1333;3;2021-02-26T01:30:22.415Z;f;
1344;3;2021-02-14T13:04:45.665Z;f;
1354;3;2021-02-25T06:34:16.478Z;f;
1364;1;2019-11-18T09:07:01.731Z;t;3.13
1374;3;2021-02-28T06:02:16.444Z;f;
1384;1;2019-02-27T02:32:42.884Z;t;5.12
1386;1;2019-02-16T12:14:08.730Z;t;3.02
1396;2;2020-05-15T00:16:12.042Z;t;5.45
1406;7;2020-09-16T18:32:44.032Z;t;3.64
1415;4;2020-09-05T04:19:19.519Z;t;1.79
1423;4;2019-10-21T11:29:59.578Z;t;3.49
1431;3;2021-02-24T09:50:02.416Z;f;
1439;3;2021-02-08T01:31:17.806Z;f;
1447;4;2019-03-27T03:07:46.565Z;t;5.26
1457;3;2021-02-24T14:15:21.948Z;f;
1465;3;2021-02-26T15:51:59.620Z;f;
1477;3;2021-02-14T04:52:44.635Z;f;
1485;4;2019-02-03T10:45:53.373Z;t;1.76
1492;4;2020-04-11T09:05:33.174Z;t;7.68
1501;3;2021-02-23T13:23:32.324Z;f;
1511;3;2021-02-12T03:28:09.403Z;f;
1533;3;2021-02-22T08:04:06.841Z;f;
1544;7;2020-01-28T07:47:16.978Z;t;8.52
1553;3;2021-02-24T01:18:48.126Z;f;
1563;3;2021-02-18T03:17:24.633Z;f;
1573;3;2021-02-13T22:29:14.659Z;f;
1583;7;2019-01-25T06:03:55.058Z;t;8.75
1591;3;2021-02-26T22:02:46.738Z;f;
1599;3;2021-02-20T01:38:09.158Z;f;
1607;7;2020-08-21T16:46:16.870Z;t;1.61
1616;1;2020-12-06T07:09:47.014Z;t;8.61
1624;1;2019-02-03T23:54:31.724Z;t;3.96
1635;1;2019-06-13T20:38:22.420Z;t;7.84
1645;6;2019-06-03T03:01:33.307Z;t;5.85
1655;3;2021-02-26T04:00:48.082Z;f;
1665;2;2019-03-10T01:38:27.757Z;t;0.5
1675;7;2020-11-09T01:41:33.776Z;t;0.39
1685;5;2019-11-19T21:31:41.860Z;t;7.44
1695;3;2021-02-28T05:08:26.473Z;f;
1705;3;2021-02-21T01:15:31.384Z;f;
1715;2;2020-02-07T05:02:20.226Z;t;2.28
1725;3;2021-02-24T16:48:01.340Z;f;
1735;7;2020-01-02T18:49:32.242Z;t;7.41
1745;3;2021-02-26T03:13:48.226Z;f;
1755;3;2021-02-10T19:44:41.651Z;f;
1765;3;2021-02-13T05:39:57.000Z;f;
1775;2;2020-12-11T04:47:27.774Z;t;4.78
1785;7;2020-01-18T07:57:30.305Z;t;5.72
1795;2;2020-01-20T12:20:58.429Z;t;0.99
1806;3;2021-02-14T16:28:53.538Z;f;
1816;3;2021-02-19T04:18:40.528Z;f;
1826;5;2019-10-30T07:58:31.793Z;t;7.69
1836;6;2019-03-11T05:58:13.059Z;t;6.02
1846;3;2021-02-24T07:47:56.426Z;f;
1856;7;2020-10-26T19:21:10.559Z;t;2.73
1866;2;2019-07-26T14:54:04.574Z;t;7.53
1876;1;2020-01-05T19:37:17.665Z;t;1.13
1886;7;2019-07-10T01:06:01.116Z;t;6.69
1896;4;2020-01-23T23:13:02.976Z;t;2.18
1906;3;2021-02-27T08:04:07.251Z;f;
1916;5;2019-11-14T16:56:01.117Z;t;6.95
1926;3;2021-02-22T10:46:12.160Z;f;
1936;3;2021-02-27T18:24:10.170Z;f;
1946;1;2020-09-19T11:56:36.518Z;t;7.3
1956;2;2020-03-08T00:08:09.520Z;t;2.75
1966;3;2021-02-24T09:41:47.050Z;f;
1976;3;2021-02-26T14:31:51.205Z;f;
1986;4;2019-05-10T06:56:07.794Z;t;4.76
1996;2;2020-04-23T03:13:45.510Z;t;2.54
917;3;2021-02-17T07:00:38.412Z;f;
927;6;2020-06-02T06:39:37.853Z;t;1.34
937;2;2020-02-04T16:01:18.277Z;t;7.54
947;7;2020-11-29T18:21:38.484Z;t;4.56
957;2;2019-11-06T18:38:46.055Z;t;8.72
967;3;2021-02-20T05:30:49.567Z;f;
977;3;2021-02-14T07:12:06.237Z;f;
987;3;2021-02-21T09:46:38.963Z;f;
997;2;2019-08-15T22:04:06.107Z;t;8.35
1007;6;2020-12-19T11:46:03.607Z;t;7.1
1017;3;2021-02-20T10:03:39.464Z;f;
1027;6;2020-07-23T08:52:46.023Z;t;7.9
1038;3;2021-02-10T11:16:46.489Z;f;
1048;3;2021-02-25T15:19:56.113Z;f;
1058;3;2021-02-15T01:12:43.531Z;f;
1068;3;2021-02-17T06:07:45.101Z;f;
1078;3;2021-02-28T01:59:21.345Z;f;
1089;3;2021-02-20T20:24:55.132Z;f;
1099;3;2021-02-02T17:41:33.413Z;f;
1110;3;2021-02-24T02:42:03.767Z;f;
1120;3;2021-02-28T07:29:33.078Z;f;
1130;3;2021-02-20T23:31:07.790Z;f;
1140;3;2021-02-20T11:38:01.008Z;f;
1150;3;2021-02-04T13:05:29.505Z;f;
1160;3;2021-02-27T21:24:11.888Z;f;
1170;2;2020-11-30T17:27:56.819Z;t;4.84
1180;1;2020-11-28T13:07:42.077Z;t;0.02
1190;3;2021-02-02T05:45:27.521Z;f;
1200;3;2021-02-24T16:50:55.237Z;f;
1210;1;2020-02-28T10:54:41.404Z;t;7.25
1220;3;2021-02-21T13:46:42.207Z;f;
1231;6;2019-10-23T05:34:57.737Z;t;3.53
1241;3;2021-02-23T15:30:50.800Z;f;
1251;3;2021-02-18T12:47:55.586Z;f;
1261;6;2020-01-19T22:28:40.899Z;t;9.09
1271;6;2020-12-09T18:25:21.183Z;t;6.82
1281;3;2021-02-17T07:27:55.714Z;f;
1291;2;2019-03-29T00:47:22.339Z;t;8.09
1301;3;2021-02-02T06:35:04.420Z;f;
1311;3;2021-02-21T04:38:12.514Z;f;
1321;3;2021-02-26T23:12:01.459Z;f;
1331;3;2021-02-27T08:40:32.445Z;f;
1341;1;2020-01-12T07:36:15.728Z;t;1.53
1351;7;2020-09-28T19:24:51.838Z;t;0.1
1361;2;2020-07-01T07:48:41.751Z;t;8.36
1371;3;2021-02-20T12:42:19.215Z;f;
1381;6;2020-04-20T13:54:27.632Z;t;2.43
1388;3;2021-02-21T19:02:54.309Z;f;
1399;7;2020-08-30T02:39:25.812Z;t;2.28
1408;2;2020-12-01T08:44:35.043Z;t;8.4
1418;3;2021-02-28T02:33:05.536Z;f;
1426;3;2021-02-27T04:25:33.096Z;f;
1434;2;2019-11-11T22:45:14.296Z;t;0.94
1442;3;2021-02-15T07:45:34.007Z;f;
1450;3;2021-02-20T12:40:46.771Z;f;
1460;3;2021-02-23T13:10:01.967Z;f;
1468;1;2020-11-30T04:20:45.422Z;t;3.87
1478;3;2021-02-18T12:50:24.227Z;f;
1487;3;2021-02-15T22:04:17.054Z;f;
1494;6;2019-07-15T15:32:07.750Z;t;5.82
1503;2;2019-04-15T02:01:44.647Z;t;4.54
1513;7;2019-10-06T15:34:59.244Z;t;8.97
1520;3;2021-02-26T09:42:17.826Z;f;
1526;5;2020-05-23T22:57:10.597Z;t;8.07
1536;2;2020-11-19T15:53:13.635Z;t;9.58
1548;4;2020-07-25T11:29:38.425Z;t;6.31
1558;5;2020-10-09T14:51:27.660Z;t;8.72
1566;2;2019-01-26T06:38:53.812Z;t;6.51
1577;5;2019-08-04T07:26:57.910Z;t;5.42
1627;3;2021-02-19T00:55:36.867Z;f;
1637;5;2019-11-15T15:54:03.940Z;t;6.75
1647;4;2019-10-19T02:36:50.483Z;t;6.06
1657;3;2021-02-09T04:15:28.726Z;f;
1667;3;2021-02-26T11:16:16.485Z;f;
1677;3;2021-02-27T10:48:47.534Z;f;
1687;3;2021-02-22T20:05:17.204Z;f;
1697;3;2021-02-11T14:33:24.378Z;f;
1707;3;2021-02-05T13:33:51.980Z;f;
1717;6;2019-08-15T11:11:14.442Z;t;6.4
1727;3;2021-02-21T13:57:28.890Z;f;
1737;3;2021-02-24T12:55:18.276Z;f;
1747;2;2020-11-27T07:25:30.034Z;t;4.78
1757;3;2021-02-17T20:54:12.362Z;f;
1767;3;2021-02-25T14:31:18.737Z;f;
1777;5;2020-10-12T23:13:17.497Z;t;0.93
1787;3;2021-02-25T14:19:36.217Z;f;
1797;3;2021-02-26T09:27:48.379Z;f;
1807;3;2021-02-05T15:33:57.494Z;f;
1817;3;2021-02-27T00:48:40.236Z;f;
1827;2;2019-09-30T13:30:51.973Z;t;5.68
1837;3;2021-02-27T02:20:34.051Z;f;
1847;3;2021-02-27T12:49:13.890Z;f;
1857;6;2019-01-25T18:44:47.610Z;t;9.68
1867;2;2019-12-24T15:13:48.450Z;t;1.18
1877;5;2020-08-12T15:45:09.553Z;t;0.88
1887;7;2019-05-14T03:55:12.687Z;t;3.3
1897;5;2020-07-22T11:27:06.218Z;t;9.98
1907;6;2020-08-30T01:27:08.093Z;t;2.59
1917;4;2020-09-28T19:59:54.391Z;t;6.62
1927;7;2019-02-22T14:09:09.538Z;t;4.91
1937;2;2020-09-10T06:17:52.145Z;t;4.8
1947;3;2021-02-10T08:33:55.041Z;f;
1957;3;2021-02-27T04:17:40.815Z;f;
1968;3;2021-02-25T03:30:42.938Z;f;
1978;3;2021-02-25T12:53:39.123Z;f;
1988;3;2021-02-04T19:46:20.855Z;f;
1998;3;2021-02-24T10:51:02.150Z;f;
936;3;2021-02-17T15:33:05.596Z;f;
946;7;2019-03-15T04:52:56.442Z;t;1.09
956;3;2021-02-07T19:15:56.070Z;f;
966;2;2019-11-23T02:46:05.948Z;t;7.74
976;6;2020-02-29T11:53:43.181Z;t;0.7
986;3;2021-02-08T20:40:48.321Z;f;
996;2;2020-09-07T00:57:46.611Z;t;3.3
1006;1;2019-05-03T23:09:30.856Z;t;8.75
1016;5;2020-11-23T06:21:49.484Z;t;1.63
1026;3;2021-02-09T05:29:10.549Z;f;
1037;3;2021-02-25T16:27:42.678Z;f;
1047;3;2021-02-28T00:45:36.403Z;f;
1057;6;2020-02-12T05:47:17.997Z;t;3.15
1067;2;2020-11-09T17:39:59.133Z;t;4.07
1077;3;2021-02-26T11:32:31.991Z;f;
1087;3;2021-02-20T03:50:58.567Z;f;
1097;3;2021-02-18T03:56:16.872Z;f;
1107;2;2019-08-17T22:45:59.260Z;t;1.81
1117;3;2021-02-08T01:20:54.458Z;f;
1127;3;2021-02-28T05:14:53.129Z;f;
1137;5;2020-05-17T14:51:37.897Z;t;8.69
1147;3;2021-02-26T16:53:04.047Z;f;
1156;3;2021-02-25T01:12:52.074Z;f;
1166;5;2020-07-26T21:56:03.278Z;t;6.32
1176;5;2019-01-24T17:14:07.145Z;t;4.11
1186;3;2021-02-28T05:32:00.506Z;f;
1196;5;2020-05-06T05:04:30.623Z;t;3.79
1206;7;2019-06-17T22:34:38.795Z;t;4.52
1216;5;2019-03-17T02:47:04.497Z;t;6.62
1227;3;2021-02-06T19:42:41.629Z;f;
1237;6;2020-09-14T02:45:10.513Z;t;9.71
1247;3;2021-02-20T14:19:43.169Z;f;
1257;3;2021-02-23T06:37:51.466Z;f;
1267;3;2021-02-18T13:35:41.974Z;f;
1277;3;2021-02-26T18:18:45.029Z;f;
1287;2;2019-11-26T10:21:45.452Z;t;6.36
1297;7;2019-07-07T17:48:40.514Z;t;8.22
1307;3;2021-02-27T02:10:28.912Z;f;
1317;3;2021-02-21T20:33:29.619Z;f;
1327;3;2021-02-28T08:10:15.414Z;f;
1336;3;2021-02-27T15:13:07.688Z;f;
1346;3;2021-02-22T15:14:44.388Z;f;
1356;7;2020-06-01T04:04:38.237Z;t;7.41
1366;5;2019-03-04T06:02:24.467Z;t;7.18
1376;3;2021-02-25T04:58:39.972Z;f;
1392;4;2019-06-10T19:47:49.061Z;t;0.89
1402;3;2021-02-19T00:41:50.550Z;f;
1411;1;2019-09-09T03:22:45.081Z;t;7.68
1421;3;2021-02-17T17:46:56.635Z;f;
1429;3;2021-02-20T05:07:06.354Z;f;
1437;5;2020-06-16T05:11:58.767Z;t;3.25
1445;3;2021-02-28T03:39:19.820Z;f;
1455;4;2020-05-10T08:01:56.863Z;t;7.42
1463;3;2021-02-24T14:25:34.792Z;f;
1476;3;2021-02-20T15:36:35.623Z;f;
1484;3;2021-02-05T05:05:21.343Z;f;
1493;3;2021-02-25T06:11:00.243Z;f;
1502;3;2021-02-20T11:51:06.318Z;f;
1512;4;2020-03-12T03:02:15.058Z;t;6.1
1532;3;2021-02-28T04:48:45.615Z;f;
1543;1;2020-07-08T02:02:45.374Z;t;9.97
1552;3;2021-02-28T02:03:24.722Z;f;
1561;3;2021-02-25T20:30:07.307Z;f;
1569;3;2021-02-24T13:39:12.482Z;f;
1580;7;2019-04-09T12:47:42.942Z;t;7.56
1589;3;2021-02-20T00:49:47.813Z;f;
1596;3;2021-02-10T16:31:51.724Z;f;
1605;5;2019-06-07T15:18:51.777Z;t;7.48
1612;3;2021-02-24T06:57:12.499Z;f;
1622;3;2021-02-25T19:30:44.539Z;f;
1630;5;2020-01-21T03:26:22.648Z;t;4.74
1640;3;2021-02-25T12:56:28.559Z;f;
1650;3;2021-02-15T11:25:13.849Z;f;
1660;2;2019-03-04T15:19:25.775Z;t;6.61
1670;3;2021-02-25T09:27:35.009Z;f;
1680;3;2021-02-28T00:03:45.392Z;f;
1690;3;2021-02-20T14:44:51.832Z;f;
1700;3;2021-02-23T15:50:48.926Z;f;
1710;4;2020-11-12T06:24:24.469Z;t;2.91
1720;6;2020-03-06T01:49:36.692Z;t;9.52
1730;5;2019-11-26T22:08:02.874Z;t;3.34
1740;3;2021-02-17T01:22:33.409Z;f;
1750;2;2019-10-28T10:41:07.838Z;t;6.17
1760;3;2021-02-20T12:48:25.573Z;f;
1771;3;2021-02-27T12:47:33.145Z;f;
1780;3;2021-02-27T17:26:32.427Z;f;
1791;5;2020-05-09T04:39:18.156Z;t;4.42
1800;5;2019-10-10T06:46:15.706Z;t;8.31
1811;3;2021-02-16T16:17:03.075Z;f;
1821;3;2021-02-26T10:15:18.741Z;f;
1831;3;2021-02-25T13:27:39.623Z;f;
1841;3;2021-02-26T20:39:08.320Z;f;
1851;7;2020-12-21T17:15:16.254Z;t;0.39
1861;1;2019-03-11T18:05:05.455Z;t;9.43
1871;2;2019-08-27T04:36:26.352Z;t;5.65
1880;1;2020-09-19T03:12:01.936Z;t;1.13
1890;6;2020-01-17T11:56:02.854Z;t;4.55
1900;3;2021-02-09T12:40:48.979Z;f;
1910;5;2019-09-23T09:53:40.223Z;t;7.02
1920;1;2019-10-18T10:28:36.300Z;t;5.56
1930;6;2020-09-05T04:25:41.181Z;t;6.21
1940;6;2019-05-04T15:14:43.293Z;t;2.12
1950;5;2020-02-21T05:26:15.577Z;t;7.36
1960;3;2021-02-16T10:16:11.534Z;f;
1970;3;2021-02-27T15:52:45.812Z;f;
1980;3;2021-02-26T00:01:34.508Z;f;
1990;3;2021-02-21T03:20:47.510Z;f;
2000;7;2019-02-25T08:48:26.116Z;t;2.4
948;3;2021-02-27T09:02:30.949Z;f;
958;3;2021-02-22T12:16:54.765Z;f;
968;3;2021-02-23T22:37:33.901Z;f;
978;5;2020-02-15T21:52:52.498Z;t;9.84
988;3;2021-02-25T16:54:17.559Z;f;
998;3;2021-02-10T02:43:38.429Z;f;
1008;3;2021-02-27T19:37:25.099Z;f;
1018;2;2019-03-02T06:37:15.277Z;t;4.09
1028;3;2021-02-25T15:14:43.894Z;f;
1039;4;2019-05-01T04:51:57.340Z;t;7.96
1049;3;2021-02-22T02:25:06.382Z;f;
1059;3;2021-02-15T00:44:00.432Z;f;
1069;3;2021-02-26T18:35:48.333Z;f;
1079;4;2019-03-18T16:50:09.848Z;t;9.14
1088;2;2020-10-17T10:23:26.486Z;t;9.92
1098;3;2021-02-20T03:04:36.193Z;f;
1108;7;2019-06-11T16:21:49.700Z;t;8.94
1118;3;2021-02-26T13:42:15.339Z;f;
1128;5;2019-02-05T11:25:45.284Z;t;4.26
1138;2;2020-09-21T06:23:17.413Z;t;5.11
1148;7;2020-02-20T03:30:30.684Z;t;5.21
1158;3;2021-02-20T12:13:47.716Z;f;
1168;2;2019-12-03T01:09:04.647Z;t;9.38
1178;1;2020-03-16T23:55:32.725Z;t;8.04
1188;6;2019-11-12T03:42:40.032Z;t;1.06
1198;2;2020-05-09T15:40:13.549Z;t;2.33
1208;3;2021-02-23T13:25:52.255Z;f;
1218;5;2019-02-07T15:13:47.375Z;t;5.35
1229;7;2019-01-23T19:51:28.642Z;t;8.79
1240;3;2021-02-17T05:30:59.835Z;f;
1250;3;2021-02-09T13:03:25.428Z;f;
1260;3;2021-02-26T06:18:00.872Z;f;
1270;1;2020-02-11T16:34:45.751Z;t;1.79
1280;3;2021-02-19T07:32:47.563Z;f;
1290;3;2021-02-12T05:01:34.560Z;f;
1300;3;2021-02-06T14:33:35.408Z;f;
1310;6;2020-03-17T05:40:23.491Z;t;3.95
1320;5;2019-02-19T01:41:13.511Z;t;1.47
1330;7;2019-01-24T10:04:38.371Z;t;0.64
1340;6;2020-06-01T13:36:09.978Z;t;4.56
1350;3;2021-02-17T23:28:56.635Z;f;
1360;3;2021-02-25T08:18:44.965Z;f;
1370;1;2020-05-05T14:42:41.532Z;t;9.29
1380;3;2021-02-12T08:01:23.924Z;f;
1389;3;2021-02-15T08:53:06.873Z;f;
1398;2;2020-09-07T14:30:27.749Z;t;0.8
1407;3;2021-02-13T11:39:35.001Z;f;
1417;2;2020-02-28T07:22:23.617Z;t;0.35
1424;1;2020-12-13T19:25:45.571Z;t;4.16
1432;3;2021-02-25T13:26:52.661Z;f;
1440;4;2020-05-07T09:30:57.608Z;t;7.42
1448;6;2020-12-13T16:02:01.512Z;t;5.55
1458;2;2019-10-06T01:08:03.764Z;t;9.65
1466;3;2021-02-26T18:04:01.294Z;f;
1471;3;2021-02-16T02:55:13.473Z;f;
1480;1;2019-09-24T07:11:45.724Z;t;6.16
1488;3;2021-02-06T21:57:36.047Z;f;
1496;3;2021-02-09T13:57:11.179Z;f;
1500;3;2021-02-03T04:25:59.761Z;f;
1510;1;2019-04-24T10:45:07.203Z;t;4.25
1517;3;2021-02-27T16:12:19.564Z;f;
1524;3;2021-02-25T16:20:53.021Z;f;
1534;3;2021-02-16T05:12:05.228Z;f;
1542;3;2021-02-26T12:38:31.533Z;f;
1557;3;2021-02-13T04:15:27.933Z;f;
1568;3;2021-02-03T08:47:57.188Z;f;
1614;4;2019-01-21T19:03:37.172Z;t;6.55
1634;5;2019-07-13T05:50:07.201Z;t;2.16
1644;2;2019-05-07T23:13:51.399Z;t;1.69
1654;7;2019-05-09T14:44:04.493Z;t;1.76
1664;6;2020-12-27T14:21:48.224Z;t;0.12
1674;7;2019-10-01T14:09:24.276Z;t;3.85
1684;7;2020-08-05T10:37:53.579Z;t;9.4
1694;3;2021-02-17T17:58:48.095Z;f;
1704;3;2021-02-26T11:05:31.524Z;f;
1714;1;2019-03-12T14:46:01.970Z;t;3.99
1724;3;2021-02-27T20:41:24.660Z;f;
1734;3;2021-02-17T10:44:04.485Z;f;
1744;3;2021-02-25T02:02:43.130Z;f;
1753;3;2021-02-17T02:42:15.753Z;f;
1763;5;2019-11-19T05:40:49.609Z;t;8.74
1773;3;2021-02-14T22:25:33.557Z;f;
1782;4;2020-07-10T00:30:02.428Z;t;1.73
1792;1;2020-04-07T17:02:19.744Z;t;7.74
1802;3;2021-02-08T03:08:37.234Z;f;
1812;6;2020-01-02T13:05:33.033Z;t;6.37
1823;6;2020-02-09T22:36:09.831Z;t;4.8
1833;3;2021-02-25T12:01:46.429Z;f;
1843;1;2019-12-02T18:51:11.195Z;t;9.61
1853;3;2021-02-26T15:07:44.663Z;f;
1863;6;2019-10-14T14:01:13.496Z;t;0.66
1873;3;2021-02-21T07:35:25.067Z;f;
1884;3;2021-02-26T08:05:11.985Z;f;
1894;3;2021-01-31T16:04:13.278Z;f;
1904;3;2021-02-24T11:31:13.141Z;f;
1914;3;2021-02-27T03:07:51.165Z;f;
1923;3;2021-02-27T04:17:45.645Z;f;
1933;4;2020-06-07T22:55:10.939Z;t;5.82
1943;2;2020-07-18T20:00:05.557Z;t;4.22
1953;5;2019-05-26T17:22:43.266Z;t;10
1963;3;2021-02-24T13:14:45.086Z;f;
1973;3;2021-02-27T19:27:36.199Z;f;
1982;4;2019-03-23T02:24:25.390Z;t;1.13
1992;3;2021-02-23T18:27:37.867Z;f;
1101;1;2019-06-18T18:28:27.476Z;t;7.85
1111;4;2019-07-10T22:13:34.174Z;t;1.63
1121;4;2020-09-28T06:09:52.682Z;t;5.41
1131;4;2019-09-25T02:19:45.407Z;t;1.16
1141;5;2020-08-01T00:24:35.203Z;t;8.48
1151;1;2019-05-13T17:33:01.455Z;t;8.52
1161;5;2019-10-15T09:49:23.600Z;t;1.05
1171;3;2021-02-28T03:34:28.421Z;f;
1181;5;2019-04-11T07:52:45.612Z;t;4.83
1191;3;2021-02-27T05:56:28.133Z;f;
1201;6;2020-05-05T08:20:12.032Z;t;4.57
1211;3;2021-02-13T02:35:33.968Z;f;
1221;5;2020-01-11T00:07:24.178Z;t;3.02
1232;7;2019-08-07T10:56:16.779Z;t;6.29
1242;7;2020-01-31T07:55:29.448Z;t;3.98
1252;7;2020-08-28T21:28:43.911Z;t;1.1
1262;4;2020-04-29T13:25:07.644Z;t;2.86
1272;3;2021-02-16T05:44:07.150Z;f;
1282;6;2019-07-10T20:18:53.201Z;t;0.56
1292;3;2021-02-25T02:43:14.477Z;f;
1302;3;2021-02-17T04:01:59.576Z;f;
1312;3;2021-02-24T01:58:17.243Z;f;
1322;3;2021-02-24T23:57:15.494Z;f;
1332;3;2021-02-25T22:35:06.863Z;f;
1342;4;2019-09-28T18:42:51.998Z;t;4.52
1352;3;2021-02-22T09:09:46.496Z;f;
1362;3;2021-02-11T20:28:16.050Z;f;
1372;6;2019-12-24T16:26:22.566Z;t;9.19
1382;3;2021-02-26T01:05:28.261Z;f;
1390;2;2020-05-30T14:33:01.416Z;t;8.27
1400;3;2021-02-03T05:08:48.707Z;f;
1409;3;2021-02-28T07:03:49.321Z;f;
1419;5;2019-06-11T18:33:55.000Z;t;9.44
1428;5;2020-03-29T17:06:28.428Z;t;6.09
1436;6;2019-06-11T05:11:04.343Z;t;0.88
1444;3;2021-02-24T12:01:27.041Z;f;
1452;5;2019-08-08T13:25:24.717Z;t;8.43
1461;3;2021-02-23T12:52:47.073Z;f;
1472;3;2021-02-14T09:00:32.100Z;f;
1481;2;2020-02-16T01:15:45.531Z;t;9.21
1489;3;2021-02-07T08:20:12.083Z;f;
1497;6;2019-12-13T20:04:46.729Z;t;8.74
1507;3;2021-02-27T05:14:58.630Z;f;
1516;3;2021-02-25T12:11:41.537Z;f;
1523;3;2021-02-28T02:36:29.981Z;f;
1531;3;2021-02-20T06:22:53.122Z;f;
1540;3;2021-02-24T01:22:00.135Z;f;
1550;3;2021-02-13T00:10:01.511Z;f;
1560;7;2019-03-26T19:43:05.012Z;t;9.7
1571;2;2020-09-17T18:30:36.758Z;t;9.59
1578;2;2019-08-15T15:46:25.563Z;t;4.83
1586;3;2021-02-22T16:11:35.562Z;f;
1593;6;2020-11-12T21:14:31.577Z;t;2.35
1602;3;2021-02-27T13:17:00.586Z;f;
1609;5;2020-11-11T21:47:13.709Z;t;8.43
1617;4;2020-10-12T02:38:44.108Z;t;9.13
1625;3;2021-02-16T10:55:57.433Z;f;
1633;7;2019-10-25T23:39:19.761Z;t;3.9
1643;3;2021-02-26T12:04:49.519Z;f;
1653;3;2021-02-23T17:29:15.453Z;f;
1663;3;2021-02-25T06:17:58.903Z;f;
1673;1;2019-07-24T21:14:28.541Z;t;8.05
1683;3;2021-02-24T01:20:47.402Z;f;
1693;4;2020-04-29T17:54:18.158Z;t;7.93
1703;6;2019-01-10T07:13:59.111Z;t;2.73
1713;3;2021-02-28T06:18:31.396Z;f;
1723;1;2020-12-15T02:48:21.328Z;t;3.65
1733;3;2021-02-25T05:18:32.144Z;f;
1743;6;2020-02-18T13:00:58.297Z;t;4.98
1754;3;2021-02-19T03:53:25.648Z;f;
1764;6;2020-06-06T23:44:06.087Z;t;0.19
1772;3;2021-02-28T00:53:39.254Z;f;
1783;1;2020-04-18T19:46:05.150Z;t;8.95
1793;2;2020-08-07T23:02:02.601Z;t;7.91
1803;6;2019-03-28T12:51:27.211Z;t;6.11
1813;2;2019-12-27T06:23:53.688Z;t;5.37
1824;3;2021-02-27T07:51:14.274Z;f;
1834;3;2021-02-16T08:08:02.252Z;f;
1844;1;2019-08-24T11:35:05.706Z;t;8.09
1854;3;2021-02-26T17:02:15.337Z;f;
1864;2;2020-11-07T04:43:34.933Z;t;9.79
1874;4;2020-11-19T00:30:28.800Z;t;0.94
1883;4;2019-11-27T17:40:04.900Z;t;1.37
1893;3;2021-02-28T05:18:29.212Z;f;
1903;3;2021-02-26T10:32:44.622Z;f;
1913;2;2019-01-06T01:43:40.621Z;t;5.18
1924;2;2019-04-25T20:16:31.863Z;t;8.11
1934;3;2021-02-27T16:55:52.312Z;f;
1944;3;2021-02-18T10:19:57.847Z;f;
1954;7;2020-05-24T17:00:10.321Z;t;2.59
1964;4;2020-07-19T16:45:26.101Z;t;9.07
1974;3;2021-02-13T23:51:41.438Z;f;
1984;3;2021-02-27T22:48:46.389Z;f;
1994;3;2021-02-27T21:58:19.405Z;f;
1538;3;2021-02-14T10:05:17.416Z;f;
1547;2;2020-03-07T09:00:22.352Z;t;6.6
1556;3;2021-02-16T23:41:47.864Z;f;
1567;3;2021-02-24T05:40:16.926Z;f;
1576;4;2019-03-25T13:15:16.288Z;t;0.86
1585;3;2021-02-27T05:31:20.118Z;f;
1594;3;2021-02-24T07:06:23.452Z;f;
1601;3;2021-02-13T22:58:38.415Z;f;
1610;7;2019-07-22T02:27:53.243Z;t;0.9
1619;3;2021-02-19T21:47:29.352Z;f;
1628;3;2021-02-06T23:24:26.499Z;f;
1639;3;2021-02-03T01:23:50.433Z;f;
1649;3;2021-02-10T00:45:35.249Z;f;
1659;6;2020-09-02T05:55:43.302Z;t;0.95
1669;6;2020-07-25T20:32:06.240Z;t;6.54
1679;1;2020-10-05T22:16:11.766Z;t;6.02
1689;3;2021-02-25T06:14:34.270Z;f;
1698;2;2020-05-19T15:08:40.610Z;t;4.58
1708;3;2021-02-18T22:13:33.498Z;f;
1718;3;2021-02-25T10:57:52.577Z;f;
1728;3;2021-02-26T00:29:35.313Z;f;
1738;3;2021-02-25T21:38:33.180Z;f;
1748;1;2020-09-18T23:19:10.861Z;t;4.3
1758;2;2019-01-01T08:10:34.291Z;t;3.77
1768;3;2021-02-27T17:18:24.642Z;f;
1778;1;2019-04-04T14:56:18.708Z;t;4.27
1788;3;2021-02-16T16:36:49.403Z;f;
1798;5;2019-01-09T05:08:17.364Z;t;4.3
1808;1;2019-09-24T10:07:04.417Z;t;4.6
1818;1;2020-06-09T12:35:17.275Z;t;0.05
1828;4;2019-05-20T08:33:33.013Z;t;2.67
1838;3;2021-02-28T04:59:41.350Z;f;
1848;3;2021-02-24T15:02:37.908Z;f;
1858;3;2021-02-01T10:25:02.988Z;f;
1868;3;2021-02-28T07:52:03.366Z;f;
1878;3;2021-02-17T20:39:18.252Z;f;
1888;3;2021-02-24T14:42:34.407Z;f;
1898;3;2021-02-11T13:19:24.691Z;f;
1908;6;2019-07-08T22:50:47.371Z;t;3.28
1918;3;2021-02-27T12:06:43.754Z;f;
1928;2;2019-04-15T06:02:25.182Z;t;2.24
1939;3;2021-02-07T02:09:07.141Z;f;
1949;5;2020-05-19T21:28:35.585Z;t;7.06
1959;5;2019-10-05T17:53:49.701Z;t;8.87
1969;3;2021-02-27T13:20:57.102Z;f;
1979;7;2019-09-13T07:23:59.849Z;t;1.43
1989;3;2021-02-17T16:25:19.235Z;f;
1999;3;2021-02-26T23:45:42.746Z;f;
1852;6;2019-09-05T16:09:20.183Z;t;5.8
1862;5;2019-08-02T05:46:20.694Z;t;7.44
1872;3;2021-02-25T19:53:10.744Z;f;
1882;3;2021-02-16T07:31:41.696Z;f;
1892;2;2019-11-18T04:36:33.060Z;t;5.96
1902;5;2020-06-05T13:44:19.123Z;t;0.16
1912;3;2021-02-09T13:09:44.960Z;f;
1922;7;2020-04-25T15:50:31.026Z;t;9.06
1932;3;2021-02-26T22:00:47.904Z;f;
1942;3;2021-02-13T00:28:21.897Z;f;
1952;4;2019-02-12T23:22:28.251Z;t;5.77
1962;3;2021-02-25T16:56:22.722Z;f;
1972;4;2019-06-13T17:32:28.076Z;t;6.25
1983;6;2019-08-13T05:30:02.960Z;t;8.2
1993;3;2021-02-26T03:06:10.766Z;f;
121;7;2019-07-16T07:46:13.196Z;t;9.54
126;3;2021-02-26T13:35:55.788Z;f;
131;6;2019-05-13T13:38:13.883Z;t;5.73
136;2;2019-03-30T00:27:35.094Z;t;3.59
141;4;2019-11-28T22:34:01.923Z;t;5.39
146;3;2021-02-26T11:58:33.876Z;f;
151;1;2019-12-01T06:29:23.067Z;t;1.25
156;2;2019-01-14T17:43:20.153Z;t;7.07
161;3;2021-02-27T14:01:48.375Z;f;
166;5;2019-10-14T14:49:00.794Z;t;1.84
171;3;2021-02-27T19:22:11.125Z;f;
176;3;2021-02-16T22:18:50.021Z;f;
181;6;2020-12-30T21:48:16.947Z;t;7.1
186;5;2020-01-31T13:41:50.052Z;t;6.64
192;3;2021-02-16T14:46:36.335Z;f;
196;1;2019-01-06T04:54:24.764Z;t;3.9
201;7;2019-12-07T07:57:37.589Z;t;5.69
207;3;2021-02-19T09:23:14.178Z;f;
211;2;2019-06-14T08:13:46.123Z;t;8.56
216;3;2021-02-18T20:44:39.085Z;f;
222;3;2021-02-14T05:33:05.411Z;f;
228;2;2020-12-02T09:28:11.414Z;t;0.1
234;1;2020-09-13T22:22:43.974Z;t;2.5
240;7;2020-01-05T20:09:11.449Z;t;9.26
246;3;2021-02-26T18:15:51.127Z;f;
252;3;2021-02-24T06:23:31.068Z;f;
258;3;2021-02-20T12:21:14.526Z;f;
264;3;2021-02-21T01:46:40.570Z;f;
270;5;2019-03-21T14:19:55.838Z;t;9.87
276;3;2021-02-14T07:25:48.342Z;f;
282;4;2019-01-30T22:27:29.980Z;t;6.06
288;3;2021-02-14T13:02:05.687Z;f;
294;3;2021-02-11T13:33:45.772Z;f;
300;6;2019-01-02T01:33:34.921Z;t;9.89
306;3;2021-02-19T07:58:57.699Z;f;
312;3;2021-02-11T18:24:08.118Z;f;
318;2;2020-11-17T02:39:52.254Z;t;6.72
324;7;2019-09-04T19:29:16.585Z;t;9.4
330;3;2021-02-25T09:35:54.567Z;f;
336;5;2019-11-12T22:01:18.070Z;t;8.12
342;7;2020-10-30T03:06:23.511Z;t;0.67
348;7;2019-08-26T11:43:26.780Z;t;1.44
354;3;2021-02-22T22:32:32.734Z;f;
360;4;2019-07-18T13:31:43.487Z;t;3.07
365;3;2021-02-19T09:43:44.401Z;f;
371;3;2021-02-22T02:32:12.379Z;f;
377;3;2021-02-19T21:16:43.563Z;f;
383;7;2020-08-06T09:40:37.670Z;t;6.4
389;2;2020-10-11T21:04:14.355Z;t;5.74
395;2;2020-04-13T22:48:06.362Z;t;8.36
401;1;2020-04-08T04:38:46.167Z;t;2.38
407;3;2021-02-20T20:59:42.473Z;f;
409;3;2021-02-27T20:02:20.115Z;f;
416;3;2021-02-25T04:10:19.615Z;f;
422;3;2021-02-27T23:01:47.884Z;f;
428;2;2019-11-28T01:36:02.623Z;t;6.88
435;1;2019-04-05T16:14:44.680Z;t;8.17
441;5;2019-02-11T00:02:58.349Z;t;4.14
447;7;2020-03-28T12:18:50.111Z;t;8.05
453;3;2021-02-23T15:52:47.639Z;f;
459;1;2019-11-22T01:20:17.766Z;t;6.45
466;3;2021-02-19T02:08:50.372Z;f;
471;7;2019-08-18T06:31:38.616Z;t;6.37
477;3;2021-02-14T19:17:14.633Z;f;
484;1;2020-12-28T02:08:35.098Z;t;3.33
491;3;2021-02-19T16:31:45.242Z;f;
498;3;2021-02-19T19:20:01.017Z;f;
505;6;2019-08-04T07:42:46.056Z;t;6.06
512;7;2019-08-11T16:20:10.427Z;t;7.38
519;2;2020-07-30T05:26:22.332Z;t;5.92
526;2;2020-10-20T01:26:43.551Z;t;6.73
533;3;2021-02-25T15:36:54.181Z;f;
540;3;2021-02-27T06:32:58.732Z;f;
547;5;2019-06-20T06:03:32.106Z;t;9.94
554;3;2021-02-14T20:25:40.702Z;f;
561;1;2019-07-05T11:31:35.986Z;t;4.55
568;2;2020-11-09T08:56:16.257Z;t;7.93
575;4;2019-02-28T04:11:02.253Z;t;6.6
582;3;2021-02-23T20:55:28.191Z;f;
589;1;2020-08-27T21:17:44.202Z;t;1.91
597;2;2020-02-25T06:49:16.433Z;t;9.85
600;3;2021-02-28T07:18:29.096Z;f;
608;3;2021-02-08T14:58:54.678Z;f;
614;1;2019-01-20T04:39:58.060Z;t;9.16
623;3;2021-02-14T08:49:23.876Z;f;
626;3;2021-02-08T18:30:24.742Z;f;
633;6;2020-08-19T03:56:42.040Z;t;6.6
640;7;2020-11-26T23:51:21.154Z;t;4.37
647;1;2020-02-14T02:12:38.403Z;t;2.51
654;7;2019-06-04T07:45:41.653Z;t;9
662;3;2021-02-19T03:14:32.622Z;f;
669;7;2019-06-17T18:18:45.378Z;t;5.37
677;1;2020-05-13T03:09:50.782Z;t;4.8
684;3;2021-02-28T07:21:41.204Z;f;
691;1;2020-07-01T02:27:02.405Z;t;1.98
698;3;2021-02-26T09:10:06.592Z;f;
706;6;2020-10-11T20:00:30.868Z;t;2.88
713;4;2019-02-24T06:58:07.262Z;t;9.94
720;3;2021-02-28T04:25:31.180Z;f;
728;6;2019-08-10T06:09:53.726Z;t;2.48
736;3;2021-02-17T12:56:23.715Z;f;
744;5;2019-12-22T21:28:56.536Z;t;6.08
752;1;2020-08-14T22:15:52.364Z;t;8.41
760;1;2021-01-03T15:56:33.354Z;t;6.39
768;3;2021-02-21T01:41:17.909Z;f;
776;1;2019-03-07T17:57:56.044Z;t;1.64
787;3;2021-02-20T05:08:02.741Z;f;
796;7;2019-06-15T21:39:29.832Z;t;4.32
804;3;2021-02-23T04:11:46.504Z;f;
814;3;2021-02-27T19:42:10.804Z;f;
824;7;2019-02-20T04:09:01.548Z;t;9.65
832;3;2021-02-11T00:40:58.589Z;f;
841;1;2019-07-14T18:20:51.916Z;t;6.4
844;3;2021-02-21T15:43:55.747Z;f;
854;2;2019-05-21T06:53:15.066Z;t;4.8
864;4;2020-11-12T20:38:49.339Z;t;7.56
873;6;2019-10-04T06:54:26.525Z;t;6.42
883;5;2019-11-21T00:22:47.542Z;t;9.07
892;3;2021-02-25T19:46:46.745Z;f;
902;7;2019-03-19T11:57:16.451Z;t;5.74
